domain,sld,tld,is_com,length,has_hyphen,has_digit,token_count,cluster_keyword,exact_match,age_years,true_distance,embedding_distance,distance_used,S_k,slope_k,alpha_i,gamma_k,log_price_latent,sale_prob,sold,log_price_obs,price_obs
chat.com,chat,.com,1,4,0,0,1,chat,1,4.472862087709626,0.0,-1.986821492513021e-07,0.0,0.75,-1.675,0.10665097791405097,1.837846975842198,2.5241039063419373,0.44198071678840106,1,2.543908465117041,12.729325996776083
chatbest.co,chatbest,.co,0,8,0,0,1,chat,0,5.26173509061362,0.1775726120519656,0.3418441613515218,0.3418441613515218,0.75,-1.675,-0.11068490732025377,1.7550813578573694,0.890961103284131,0.2015995108667073,1,0.8105169480125374,2.249070338654438
chicagochat.com,chicagochat,.com,1,11,0,0,1,chat,0,2.5107013787087142,0.3331345515050982,0.4155834515889486,0.4155834515889486,0.75,-1.675,0.2722271774001319,1.917836285775166,1.605029151953392,0.29390782438900864,1,1.6987981861515276,5.467372677528652
chatprime.com,chatprime,.com,1,9,0,0,1,chat,0,3.8388673530212585,0.2695323148230483,0.2984268466631571,0.2984268466631571,0.75,-1.675,0.023110744146425614,1.6039302297167932,1.4550106251783326,0.2725957270693086,1,1.2966704270436304,3.65709979312551
chatla.com,chatla,.com,1,6,0,0,1,chat,0,1.0534092964415689,0.3988419745403538,0.4356022675832113,0.4356022675832113,0.75,-1.675,0.3945344224388115,1.6865852663872345,1.47221834255257,0.2749907086192993,1,1.2676039635258494,3.5523308429891816
expertchatai.co,expertchatai,.co,0,12,0,0,1,chat,0,1.9254997697380316,0.5559639300521241,0.4507273435592651,0.4507273435592651,0.75,-1.675,0.30745760545754536,1.721187357415134,1.342483508349596,0.2572594764420555,1,1.416116668216845,4.12108578305256
chat-network101.com,chat-network101,.com,1,15,1,1,2,chat,0,7.999581768317509,0.4070992147160768,0.4185231526692708,0.4185231526692708,0.75,-1.675,-0.0647018272408412,1.9965939273660713,1.569664325636748,0.2887967763690996,1,1.6016347805295537,4.961136167480694
prochatguide.com,prochatguide,.com,1,12,0,0,1,chat,0,4.159599564088345,0.1660051128722981,0.4945149024327596,0.4945149024327596,0.75,-1.675,0.1279054225274274,1.720171841340478,2.559927420537905,0.4481741047878954,1,2.496696328243327,12.142313407703751
local-chat-connect.com,local-chat-connect,.com,1,18,1,0,3,chat,0,2.315479482700216,0.3616678472139303,0.3432901700337728,0.3432901700337728,0.75,-1.675,0.14445641405859594,1.7932119574670393,1.5388362549850463,0.28438474305082645,1,1.5982624421814906,4.944433716720019
securechatlive.com,securechatlive,.com,1,14,0,0,1,chat,0,2.313996306606437,0.0949073161315789,0.3821903467178345,0.3821903467178345,0.75,-1.675,0.7495766603046614,1.7390420433351794,2.339002503125231,0.410306553518067,1,2.31278310979189,10.10250193787586
securechat.net,securechat,.net,0,10,0,0,1,chat,0,10.088204909968264,0.6331045804018164,0.4778412977854411,0.4778412977854411,0.75,-1.675,-0.14224525573461544,1.8118901676242265,0.7644043550001317,0.18771644201163526,1,0.8149895822375355,2.2591521369167746
chat-pro.com,chat-pro,.com,1,8,1,0,2,chat,0,3.293338082539377,0.1256677232984224,0.2049168944358825,0.2049168944358825,0.75,-1.675,-0.17928495517503806,1.829296767822715,0.830951332160895,0.1949228821069461,1,0.8070174538257279,2.2412134856025996
simple-chat-central.com,simple-chat-central,.com,1,19,1,0,3,chat,0,1.7601049582239487,0.4105680417716364,0.3928260008494059,0.3928260008494059,0.75,-1.675,-0.28482045488675717,1.8333977566993611,1.0852545492489463,0.22437997404834414,1,0.87229732227636,2.39240066051325
chatbot.co,chatbot,.co,0,7,0,0,1,chat,0,3.763382511048327,0.0617605507831139,0.2160793542861938,0.2160793542861938,0.75,-1.675,-0.03988161017920627,1.7359830642718521,1.275184881372445,0.2483614180754259,1,1.3736055580028206,3.9495654413103805
chatzone.co,chatzone,.co,0,8,0,0,1,chat,0,5.171071642545817,0.3490280135611461,0.5212501684824626,0.5212501684824626,0.75,-1.675,0.2601389599212048,1.774704183633505,1.1224023203740574,0.2289378561492455,1,1.0888356129619774,2.970812881859298
instantchatconnect.com,instantchatconnect,.com,1,18,0,0,1,chat,0,1.3673667442545925,0.1325847123530337,0.2953640619913737,0.2953640619913737,0.75,-1.675,0.040840033199254874,1.9225423112480842,2.346766848755891,0.4116222276927577,1,2.52592707912739,12.502480681357818
securechatassist.com,securechatassist,.com,1,16,0,0,1,chat,0,2.1556525280549934,0.2615989958597228,0.2525260051091512,0.2525260051091512,0.75,-1.675,0.07654100885515452,1.8806008616789247,1.9400373276463487,0.3448004796363623,1,1.978299783704763,7.230439218012038
freechatportal.com,freechatportal,.com,1,14,0,0,1,chat,0,2.5183822659509616,0.2739225817476316,0.228387713432312,0.228387713432312,0.75,-1.675,0.30500007228186643,1.77946767068802,2.170679981876948,0.3821283949027625,1,2.169810882141092,8.756627849427957
truechatworld.co,truechatworld,.co,0,13,0,0,1,chat,0,4.080301871292912,0.446332264598633,0.3015929460525512,0.3015929460525512,0.75,-1.675,0.2376197470751632,1.954703478815055,1.9230576976879437,0.34212031049898434,1,2.0467724093804276,7.742869918505627
freechatworld.io,freechatworld,.io,0,13,0,0,1,chat,0,4.7922775246946525,0.0799733349680655,0.241459310054779,0.241459310054779,0.75,-1.675,-0.11188492572505546,1.715337515932989,0.8245625908471556,0.19422203900032584,1,0.836312604696901,2.3078413444191868
topchatbot.com,topchatbot,.com,1,10,0,0,1,chat,0,5.805281295752034,0.4851164224132067,0.2666217088699341,0.2666217088699341,0.75,-1.675,-0.22360724688516967,1.7611044695440763,1.1528551927614397,0.23272257382355638,1,1.2398221679016344,3.4549990004064584
elitechatnow.co,elitechatnow,.co,0,12,0,0,1,chat,0,4.050166773214594,0.4953853543270763,0.2639529109001159,0.2639529109001159,0.75,-1.675,-0.3030408904926351,1.7479549103675527,1.0360724068376344,0.2184453317305223,1,1.019981512610305,2.7731434953059093
chatgroup.io,chatgroup,.io,0,9,0,0,1,chat,0,2.4905297959265624,0.1761357398732276,0.3817881147066752,0.3817881147066752,0.75,-1.675,-0.5890044200655317,1.7430130348469834,0.38579690686035173,0.150594977600449,1,0.2888115125969951,1.334840104270571
chataustin24.com,chataustin24,.com,1,12,0,1,1,chat,0,2.970126706428395,0.1449126813491217,0.7856770356496176,0.7856770356496176,0.75,-1.675,-0.11720976049502119,1.7296392297072847,0.46259451383583844,0.1576014528333995,1,0.5233750716772899,1.6877142044467264
my-chat.com,my-chat,.com,1,7,1,0,2,chat,0,6.0624847375033655,0.1265396008870632,0.178878903388977,0.178878903388977,0.75,-1.675,-0.1618231274325985,1.7429156814903717,1.80885980643217,0.32436180673230847,1,1.7903953371931287,5.991820787821481
prochatteam.com,prochatteam,.com,1,11,0,0,1,chat,0,4.124651845066159,0.0691067802770878,0.4781643549601237,0.4781643549601237,0.75,-1.675,0.3002915584400038,1.5878633332064638,1.7051457582014211,0.30865859729868655,1,1.7687641756929182,5.863602499413856
truechatnow.org,truechatnow,.org,0,11,0,0,1,chat,0,4.124056899840508,0.5787487656277215,0.2750434478123983,0.2750434478123983,0.75,-1.675,-0.44649021316827264,1.6551505056015685,0.5353110569510184,0.1644776696900595,1,0.5173325166139527,1.6775468477776994
topchatteam.com,topchatteam,.com,1,11,0,0,1,chat,0,3.2495105224886744,0.3325257537062828,0.3658981124560038,0.3658981124560038,0.75,-1.675,-0.32180830010056394,1.7043712820561518,1.625267471116913,0.2968563682650163,1,1.6151906365131532,5.028846513859266
topchatservice.com,topchatservice,.com,1,14,0,0,1,chat,0,8.489127214837012,0.3071916525934858,0.4016720255215963,0.4016720255215963,0.75,-1.675,0.1740062604188174,1.9059964543505306,1.9984960604749298,0.35410287636022414,1,1.9160548202839214,6.794101574765622
chat-free.com,chat-free,.com,1,9,1,0,2,chat,0,2.9101274203816083,0.3712940846827114,0.2840750416119894,0.2840750416119894,0.75,-1.675,0.159871333145094,1.8582971387259477,1.6259467337678237,0.29695562686298216,1,1.6185580772207935,5.045809401051495
my-chat-solutions.io,my-chat-solutions,.io,0,17,1,0,3,chat,0,2.0439901191697367,0.7002277986606149,0.3009098768234253,0.3009098768234253,0.75,-1.675,-0.4185438759561639,1.7560357903095933,0.6828542650259211,0.17916690176094588,1,0.6001746225090885,1.8224370111298607
chatsite24.com,chatsite24,.com,1,10,0,1,1,chat,0,2.416073925094937,0.2180438991598769,0.2791829903920492,0.2791829903920492,0.75,-1.675,0.16826133061706813,1.8261607895031453,1.5829182746391055,0.2907060936519316,1,1.524268808136498,4.5917848657951685
chatinstant.com,chatinstant,.com,1,11,0,0,1,chat,0,2.178786659566995,0.2881598850032877,0.1479466756184896,0.1479466756184896,0.75,-1.675,-0.1481544092154538,1.8494552571732241,1.8427527391446663,0.3295826918094738,1,1.760666179070161,5.816310808591842
onlinechatsite24.com,onlinechatsite24,.com,1,16,0,1,1,chat,0,2.579544431336936,0.4833683950046848,0.4290846983591715,0.4290846983591715,0.75,-1.675,0.4547299042251229,1.6553842512180055,1.5677328373376642,0.2885191554960855,1,1.5003342739321661,4.483187432584121
chatteam.com,chatteam,.com,1,8,0,0,1,chat,0,2.0516280290153666,0.0,0.3910193840662638,0.3910193840662638,0.75,-1.675,0.25813044896348025,1.6752493411755514,1.2233641541693425,0.2416517464499744,1,1.1899970959979864,3.2870716617065336
elitechatlive.com,elitechatlive,.com,1,13,0,0,1,chat,0,4.23096675441682,0.3852443912371431,0.3551575541496277,0.3551575541496277,0.75,-1.675,-0.0719031452536705,1.92134341257114,1.4252024768662441,0.26847801082064826,1,1.3208638956187846,3.7466566998772453
prochatapp.com,prochatapp,.com,1,10,0,0,1,chat,0,3.4422940563394424,0.4718219088857038,0.3702854116757711,0.3702854116757711,0.75,-1.675,-0.20795248449387804,1.939171843354481,1.1230001708132182,0.2290117395449893,1,1.0151061183033017,2.759656231875479
chatpro.com,chatpro,.com,1,7,0,0,1,chat,0,3.2516837469682818,0.4846539715863258,0.1512556274731954,0.1512556274731954,0.75,-1.675,0.08143667397414638,1.8636622407795387,1.3456400904229642,0.25768190809360075,1,1.2335239986050297,3.433307212761615
primechatlive.com,primechatlive,.com,1,13,0,0,1,chat,0,5.213022488023941,0.0638711659427984,0.3983203570048014,0.3983203570048014,0.75,-1.675,-0.0837744696155585,1.7907600896560854,1.6527746926820295,0.3008911849210707,1,1.6679616042302277,5.301350525501021
directchathub.com,directchathub,.com,1,13,0,0,1,chat,0,7.703513985886167,0.369142766748085,0.3144233425458272,0.3144233425458272,0.75,-1.675,0.0769988393901178,1.8520199204462693,1.903964534829676,0.3391185270087776,1,1.845899199251018,6.3337925720829
modernchatplus.com,modernchatplus,.com,1,14,0,0,1,chat,0,4.72144197576169,0.5782308004712496,0.2116669217745463,0.2116669217745463,0.75,-1.675,0.2922889360701025,1.9229572523134115,1.888138660672897,0.3366401745439058,1,1.8727365351110363,6.5060761665774
chat-sf.net,chat-sf,.net,0,7,1,0,2,chat,0,1.8324945943948687,0.5685871023672492,0.3694717089335124,0.3694717089335124,0.75,-1.675,0.5121560119268466,1.7700044248120692,1.5882050479952645,0.2914697625626178,1,1.5217492290671226,4.580230063488018
simplechat24.com,simplechat24,.com,1,12,0,1,1,chat,0,1.30944311183457,0.0295414924511104,0.2970414360364278,0.2970414360364278,0.75,-1.675,-0.13643343110451878,1.752020044070491,1.6141729839646755,0.29523788248275795,1,1.6250736484649548,5.078793068719822
prochat.com,prochat,.com,1,7,0,0,1,chat,0,1.912374109511035,0.1971700455022747,0.3943730394045512,0.3943730394045512,0.75,-1.675,-0.5147822030759303,1.8954894857485103,1.4881216613950343,0.2772157194066604,1,1.5987233127876923,4.946712986068149
miamichat.com,miamichat,.com,1,9,0,0,1,chat,0,2.736728120521257,0.1637503435934585,0.4703760147094726,0.4703760147094726,0.75,-1.675,0.29334429876303336,1.863667092417582,2.056263422215075,0.3634050326958611,1,2.204331712958376,9.064192061239737
chatpro24.com,chatpro24,.com,1,9,0,1,1,chat,0,1.5864223873017878,0.2322466802661194,0.1772576570510864,0.1772576570510864,0.75,-1.675,1.0198518631025653,1.8200357040208608,2.9259752876691993,0.5120433454737409,1,2.982485699383166,19.73681551144941
modern-chat.org,modern-chat,.org,0,11,1,0,2,chat,0,5.307355682922537,0.357839188464802,0.2082068721453349,0.2082068721453349,0.75,-1.675,-0.14537504106288984,1.764875687191605,1.0983890751769938,0.2259841220084118,1,1.083100578394601,2.953823929966552
quickchatpro.com,quickchatpro,.com,1,12,0,0,1,chat,0,3.9677167525145873,0.1918429295107398,0.1904818415641784,0.1904818415641784,0.75,-1.675,0.054966998605870614,1.8676386486785483,1.9664895227187391,0.34899554371139624,1,2.0029359577056653,7.410781932580145
primechatworld.ai,primechatworld,.ai,0,14,0,0,1,chat,0,1.850009913757304,0.2344163088840606,0.3067913651466369,0.3067913651466369,0.75,-1.675,-0.33779086678133013,1.7202865099198088,0.8571296410980271,0.1978146434148188,1,0.9726696728102175,2.644996316839945
prochatpro.com,prochatpro,.com,1,10,0,0,1,chat,0,6.653595248214168,0.1321923919917811,0.4517129063606262,0.4517129063606262,0.75,-1.675,0.7449644063523075,1.5777604575417143,1.7001261649361972,0.3079093155056967,1,1.7449627869329016,5.725688401030102
instantchat.co,instantchat,.co,0,11,0,0,1,chat,0,2.02909647748045,0.2840416966575527,0.2319224675496419,0.2319224675496419,0.75,-1.675,-0.28748533772853513,1.7721981270245184,0.9861704147471985,0.21254027785193833,1,1.0287445075348107,2.797551324331407
chatsecure.ai,chatsecure,.ai,0,10,0,0,1,chat,0,2.0350366509368167,0.6956565783068329,0.1312389969825744,0.1312389969825744,0.75,-1.675,0.15612527051872818,1.830083549569809,1.3419430978833677,0.2571872010577344,1,1.3742248856796815,3.952012274117186
directchatguide.io,directchatguide,.io,0,15,0,0,1,chat,0,4.07426835134347,0.3451671901080712,0.2548029025395711,0.2548029025395711,0.75,-1.675,-0.42896201731853684,1.8952330850634995,0.7039621466209587,0.18135018988190502,1,0.763184893313192,2.145097258506618
localchat2.io,localchat2,.io,0,10,0,1,1,chat,0,3.9196974887920906,0.3230237280684123,0.2418923377990722,0.2418923377990722,0.75,-1.675,-0.44727815101186674,1.7391592921542909,0.5566094993880175,0.16653678523116316,1,0.5035722156304372,1.654621390569618
freechatapp2.com,freechatapp2,.com,1,12,0,1,1,chat,0,5.453785471119553,0.1009406708394824,0.3134015202522278,0.3134015202522278,0.75,-1.675,0.06040577120274181,1.7551396668729804,1.745297015887322,0.314688096690805,1,1.6482543114194301,5.197897991291238
online-chat-site.com,online-chat-site,.com,1,16,1,0,3,chat,0,1.985171813177268,0.5201326989222815,0.3560151656468709,0.3560151656468709,0.75,-1.675,0.07678387547734972,1.672888194865702,1.3758009951398646,0.26174098897308035,1,1.4623947112692206,4.316283414582251
onlinechatbot.com,onlinechatbot,.com,1,13,0,0,1,chat,0,5.095716559115584,0.2712972500923704,0.2268862724304199,0.2268862724304199,0.75,-1.675,0.5375145971985972,1.714018718894583,2.14319761085439,0.3775966783028095,1,2.1808495777427157,8.853825077081657
trustedchatsolutions.com,trustedchatsolutions,.com,1,20,0,0,1,chat,0,4.41029938427027,0.4572368853844434,0.4653314749399821,0.4653314749399821,0.75,-1.675,0.06413205302766714,1.8701234883265216,1.5380158515116706,0.28426788527122104,1,1.4211578270339147,4.141913284246424
chattrue2.com,chattrue2,.com,1,9,0,1,1,chat,0,1.997554673323292,0.3616135034438957,0.1159952084223429,0.1159952084223429,0.75,-1.675,-0.47885571973598273,1.8329577265701404,1.7422536288930268,0.31422884345087415,1,1.6847186772159914,5.390934126406629
chat-modern.com,chat-modern,.com,1,11,1,0,2,chat,0,5.550229490782914,0.0836073393547576,0.4716560244560241,0.4716560244560241,0.75,-1.675,-0.06283172464891022,1.8526310408346545,1.099917390855047,0.2261713049180785,1,1.156480648862799,3.1787265126482565
expertchatlive360.org,expertchatlive360,.org,0,17,0,1,1,chat,0,3.7752108916492295,0.6322027465204697,0.4780965050061544,0.4780965050061544,0.75,-1.675,-0.1341155623975957,2.016859642177466,2.353446243784197,0.4127550686669324,1,2.2250355876675236,9.253812119636109
truechatteam.com,truechatteam,.com,1,12,0,0,1,chat,0,4.115138192579324,0.2186774552832903,0.3442182143529256,0.3442182143529256,0.75,-1.675,0.11815109207962673,1.8261474776310418,1.779808028645795,0.319921108270079,1,1.791958547308938,6.001194587389436
directchat24.com,directchat24,.com,1,12,0,1,1,chat,0,4.5223020184999685,0.2262770413553199,0.3613062699635824,0.3613062699635824,0.75,-1.675,-0.29513059460250485,1.696649418541465,0.7810475490764436,0.1894993243606509,1,0.790968774564892,2.20553205497443
quickchatlive.com,quickchatlive,.com,1,13,0,0,1,chat,0,4.518913417323527,0.4523401608193552,0.2748777468999227,0.2748777468999227,0.75,-1.675,-0.4265845711482698,1.8282101763133738,1.4664534378465155,0.27418689194364076,1,1.563631155806338,4.77613267776666
fastchatgroup1.com,fastchatgroup1,.com,1,14,0,1,1,chat,0,5.884966557897983,0.1765112580313164,0.3836900989214579,0.3836900989214579,0.75,-1.675,0.010721022408046106,1.7671728021323914,1.5561012977675692,0.2868506657351408,1,1.659372613978722,5.256012261192246
chatapp24.com,chatapp24,.com,1,9,0,1,1,chat,0,4.907844045549889,0.5848878700063161,0.3186671932538351,0.3186671932538351,0.75,-1.675,-0.16945930166675247,1.7796829857561776,1.4448011634786924,0.2711809477590159,1,1.4605595078461004,4.3083694206002505
prochatlive360.io,prochatlive360,.io,0,14,0,1,1,chat,0,2.74790403837099,0.3455530411102829,0.4997361699740092,0.4997361699740092,0.75,-1.675,-0.11468558302668629,1.7697754773793384,0.9557918621736765,0.20900297895231362,1,0.9348092524923917,2.5467276294573375
globalchatexperts.com,globalchatexperts,.com,1,17,0,0,1,chat,0,5.2350768921057576,0.3773625860895799,0.3994570175806681,0.3994570175806681,0.75,-1.675,0.3509652388566114,1.8733049152859653,1.8489092288686089,0.330535617888804,1,1.8894377016429653,6.615647667167157
globalchatapp.com,globalchatapp,.com,1,13,0,0,1,chat,0,1.0828981122825192,0.2496300041654045,0.4099658131599426,0.4099658131599426,0.75,-1.675,0.08487387694492755,1.906290485347955,1.7083547306459361,0.30913813360365394,1,1.6113118838300395,5.009378641888377
quickchatai.com,quickchatai,.com,1,11,0,0,1,chat,0,3.4506686072077306,0.0310129968093979,0.2517414093017578,0.2517414093017578,0.75,-1.675,0.8811159131368721,1.8323884070108567,2.6539488941554006,0.4645008849023913,1,2.6641282100732604,14.355429170676166
directchatassist.com,directchatassist,.com,1,16,0,0,1,chat,0,1.7390746009965006,0.3461530100845196,0.1859847704569499,0.1859847704569499,0.75,-1.675,0.6568956139485845,1.6715783002293947,1.7842026349839724,0.32059077776452555,1,1.8762205356637687,6.528782871656078
onlinechatpro.com,onlinechatpro,.com,1,13,0,0,1,chat,0,2.1615331778065,0.4072225076164778,0.2562973896662394,0.2562973896662394,0.75,-1.675,-0.298635172695587,1.7980562092983348,1.2252342113826304,0.24189171724975717,1,1.0530544462127396,2.8663930037112637
expertchat.co,expertchat,.co,0,10,0,0,1,chat,0,2.142085786556212,0.2906110543187739,0.3943337003389994,0.3943337003389994,0.75,-1.675,-0.5122047006429511,1.844486021905852,0.49162274400412753,0.16031797667999503,1,0.4575999282282788,1.5802766524968748
chattoday1.io,chattoday1,.io,0,10,0,1,1,chat,0,3.7805713679432262,0.4644096922898394,0.3170573711395263,0.3170573711395263,0.75,-1.675,-0.20674745488722024,1.8141809093559085,0.40583736959456995,0.15239823572823716,1,0.4171250001675411,1.5175922003586617
my-chat-help.io,my-chat-help,.io,0,12,1,0,3,chat,0,3.4121517497299205,0.2044121012899605,0.2480203906695048,0.2480203906695048,0.75,-1.675,0.11046175125661917,1.8232985133477904,1.739956807574495,0.3138824890391884,1,1.7856727456158024,5.963590577780025
globalchatlive.co,globalchatlive,.co,0,14,0,0,1,chat,0,3.713120353895052,0.6685679194734824,0.4065046707789103,0.4065046707789103,0.75,-1.675,-0.05693307219071768,1.7868279177964839,0.7742759126913232,0.18877235991265662,1,0.9151464038939076,2.49714081628335
simple-chat-guide.com,simple-chat-guide,.com,1,17,1,0,3,chat,0,2.0636733138950394,0.2795314684501749,0.3932929039001465,0.3932929039001465,0.75,-1.675,-0.3069012723586559,1.8999006217928405,2.0897906753979516,0.368851622067486,1,2.161876982616964,8.687428517164182
lawyers-today.com,lawyers-today,.com,1,13,1,0,2,lawyers,0,4.495120015695956,0.3092476871222084,0.1012133558591207,0.1012133558591207,0.7103713203404822,-1.639334188306434,-0.6152049369748209,1.7952091313675758,1.0675541372918338,0.2222310137587219,1,1.2764423515628611,3.5838668799897246
lawyersservice.com,lawyersservice,.com,1,14,0,0,1,lawyers,0,5.581475212777764,0.2186079103461853,0.1199771960576375,0.1199771960576375,0.7103713203404822,-1.639334188306434,-0.5134658358868467,1.6950311780886709,1.4620735246237748,0.27357716676268884,1,1.4161259959455974,4.121124223602191
lawyerssolutions.com,lawyerssolutions,.com,1,16,0,0,1,lawyers,0,2.24342218335765,0.195244506209107,0.1386767625808715,0.1386767625808715,0.7103713203404822,-1.639334188306434,0.6429197349124599,1.8052740553932358,2.5763224486838996,0.45101406764513435,1,2.5212441358146362,12.444069148753055
lawyersexpert.net,lawyersexpert,.net,0,13,0,0,1,lawyers,0,4.233330462203555,0.7363710035725836,0.1527806123097737,0.1527806123097737,0.7103713203404822,-1.639334188306434,-0.41004832008886954,1.9172824611839763,1.2251900307788355,0.24188604600410363,1,1.204934787147283,3.3365414855840956
trustedlawyersapp.com,trustedlawyersapp,.com,1,17,0,0,1,lawyers,0,1.5581038908264278,0.2438272271145114,0.2322681744893392,0.2322681744893392,0.7103713203404822,-1.639334188306434,-0.1288871348758107,1.8165092519769057,1.417388552493276,0.26740512713647835,1,1.5437088014204672,4.681922430913455
sflawyers.com,sflawyers,.com,1,9,0,0,1,lawyers,0,2.482980259618198,0.0158962710860776,0.1715157429377238,0.1715157429377238,0.7103713203404822,-1.639334188306434,0.2720681516216104,1.7423782742326714,2.4689979485939615,0.43248944275848644,1,2.5018420793986254,12.204955763713098
lawyerssolutions24.com,lawyerssolutions24,.com,1,18,0,1,1,lawyers,0,4.333136552876798,0.1822922417637983,0.179859201113383,0.179859201113383,0.7103713203404822,-1.639334188306434,-0.046838037580614396,1.721844944052739,1.058822716397888,0.22117638352685384,1,1.0295503767868917,2.7998066935691064
lawyersgroup.com,lawyersgroup,.com,1,12,0,0,1,lawyers,0,1.9037806350600728,0.4881287553796856,0.1548189918200175,0.1548189918200175,0.7103713203404822,-1.639334188306434,-0.08336081039113283,1.7887696042807237,1.5552950981919358,0.2867352341394037,1,1.649793239345135,5.2059033399123535
lawyerssf2.com,lawyerssf2,.com,1,10,0,1,1,lawyers,0,8.841413679496052,0.3929541828200796,0.2458043893178304,0.2458043893178304,0.7103713203404822,-1.639334188306434,0.05440026468396311,1.642862622957946,1.7934841672371449,0.322007566761785,1,1.8916802709818372,6.6305003636585385
bestlawyersportal24.com,bestlawyersportal24,.com,1,19,0,1,1,lawyers,0,1.4076408868108334,0.4492682680894072,0.1882495482762654,0.1882495482762654,0.7103713203404822,-1.639334188306434,0.1231147429397212,1.8691720421574247,2.139649724579638,0.3770131854072894,1,2.2227812310983723,9.232974224342648
lawyersquick.com,lawyersquick,.com,1,12,0,0,1,lawyers,0,3.591048949713222,0.225012006115663,0.1431410511334737,0.1431410511334737,0.7103713203404822,-1.639334188306434,2.9537581994963146e-05,1.7001243517951383,1.6959770716101905,0.3072907373997492,1,1.7660363487110664,5.847629402132679
fastlawyerssite2.com,fastlawyerssite2,.com,1,16,0,1,1,lawyers,0,1.402817493036923,0.3363633763313402,0.2221195896466573,0.2221195896466573,0.7103713203404822,-1.639334188306434,0.1107729915856578,1.8479362789080114,2.108333759048546,0.37187851457716475,1,2.1013440574090922,8.177153093101712
freelawyersportal.com,freelawyersportal,.com,1,17,0,0,1,lawyers,0,3.741309999503379,0.6161961311134105,0.246438980102539,0.246438980102539,0.7103713203404822,-1.639334188306434,-0.2670700233931686,1.7995395039779472,0.8759917894991416,0.19991819075570555,1,0.7922972119206945,2.2084639131094472
bostonlawyers.com,bostonlawyers,.com,1,13,0,0,1,lawyers,0,3.462120459754499,0.3017796193283866,0.2239014705022176,0.2239014705022176,0.7103713203404822,-1.639334188306434,0.4169000335811028,1.7828021937012994,2.6149917699807634,0.45772473310360423,1,2.681538286148474,14.607546608254099
onlinelawyerstoday.com,onlinelawyerstoday,.com,1,18,0,0,1,lawyers,0,2.634812025514284,0.1828681967275142,0.2237536509831746,0.2237536509831746,0.7103713203404822,-1.639334188306434,0.09196222880149847,1.6953815664214027,1.7732128490670982,0.31891749780321865,1,1.7294705752859603,5.637668397217298
lawyersmodern.com,lawyersmodern,.com,1,13,0,0,1,lawyers,0,3.554130353935108,0.2795189461226234,0.1758039991060893,0.1758039991060893,0.7103713203404822,-1.639334188306434,0.16805019118706377,1.8342512212631843,2.2968502557274317,0.4031866478010415,1,2.32328127617991,10.209118343342778
smartlawyerssolutions.com,smartlawyerssolutions,.com,1,21,0,0,1,lawyers,0,8.598691922769316,0.240204664124991,0.1786211133003235,0.1786211133003235,0.7103713203404822,-1.639334188306434,0.32460346854536326,1.8206698185482089,2.0326108635767146,0.35958348461991124,1,1.9278969054284358,6.8750361754913065
bestlawyerslive.com,bestlawyerslive,.com,1,15,0,0,1,lawyers,0,1.5798196590835472,0.2113480879592514,0.2070344487826029,0.2070344487826029,0.7103713203404822,-1.639334188306434,0.15904711837502702,1.8279369687943845,1.9407637537624267,0.344915365128077,1,1.9371527633213992,6.938965939335864
fastlawyershelp.net,fastlawyershelp,.net,0,15,0,0,1,lawyers,0,3.031110163402871,0.411275380502453,0.2299471696217855,0.2299471696217855,0.7103713203404822,-1.639334188306434,0.09230102152478184,1.6988415818211235,1.585313789830751,0.29105197701818775,1,1.6844465897043857,5.389467520086623
lawyersbot2.io,lawyersbot2,.io,0,11,0,1,1,lawyers,0,3.9298258842633578,0.2404813335078042,0.2213660875956217,0.2213660875956217,0.7103713203404822,-1.639334188306434,-0.10225991503124425,1.787252945196062,0.8491586118011198,0.19693072366752662,1,0.8947424476975812,2.446705553657768
lawyersportal.org,lawyersportal,.org,0,13,0,0,1,lawyers,0,2.28503259292742,0.3000720823351099,0.1350373029708862,0.1350373029708862,0.7103713203404822,-1.639334188306434,-0.0362208938230863,1.7616211536142583,1.6055259023003177,0.29397999159404853,1,1.6880478042998137,5.40891113848946
trustedlawyersbot.ai,trustedlawyersbot,.ai,0,17,0,0,1,lawyers,0,2.331195312834942,0.7186791357443391,0.2216998736063639,0.2216998736063639,0.7103713203404822,-1.639334188306434,0.5150221905476049,1.6685116586968523,1.779775989169138,0.3199162286738096,1,1.8132519386879318,6.130350576999479
prolawyersexperts.com,prolawyersexperts,.com,1,17,0,0,1,lawyers,0,4.113232811975127,0.1714326941420103,0.1552855968475341,0.1552855968475341,0.7103713203404822,-1.639334188306434,-0.08289759257838948,1.7151269762673353,1.5993991185432823,0.29309062430898875,1,1.6459873271326522,5.1861277846982095
onlinelawyersgroup.com,onlinelawyersgroup,.com,1,18,0,0,1,lawyers,0,5.695975798603384,0.0608446693570214,0.2654834588368734,0.2654834588368734,0.7103713203404822,-1.639334188306434,0.10359789639048482,1.6570422218743655,1.604633479736826,0.293850349075264,1,1.5260756952875738,4.600089203110514
online-lawyers24.com,online-lawyers24,.com,1,16,1,1,2,lawyers,0,3.992348732705768,0.5135923359455007,0.1892536878585815,0.1892536878585815,0.7103713203404822,-1.639334188306434,-0.13017010346245145,1.8833934948611244,1.5831452154071601,0.29073885074565464,1,1.6623665352235557,5.271771927792562
simplelawyerssite.com,simplelawyerssite,.com,1,17,0,0,1,lawyers,0,4.844176709743448,0.7668422639805998,0.2808608611424764,0.2808608611424764,0.7103713203404822,-1.639334188306434,0.11479841929993836,1.7915002879910686,2.1885980286339706,0.3850941350472523,1,2.2034846601291944,9.056517462564154
expertlawyerssite.com,expertlawyerssite,.com,1,17,0,0,1,lawyers,0,2.0190013206607493,0.3022139219709931,0.1602862278620402,0.1602862278620402,0.7103713203404822,-1.639334188306434,0.6045725749574647,1.9543594396229207,2.6067771379815543,0.4562978001358465,1,2.487244713457581,12.0280895888625
lawyersdirect.net,lawyersdirect,.net,0,13,0,0,1,lawyers,0,2.372374555907744,0.2133366524520482,0.1242449879646301,0.1242449879646301,0.7103713203404822,-1.639334188306434,-0.5368514917206482,1.889612264319538,1.1872218893456399,0.23704579175343002,1,1.1780422328656326,3.2480091287318493
mylawyersguide.com,mylawyersguide,.com,1,14,0,0,1,lawyers,0,5.448006758496657,0.4602785837405814,0.1647311449050903,0.1647311449050903,0.7103713203404822,-1.639334188306434,0.6103770841587272,1.911122527810364,2.761662412629461,0.4832971395158341,1,2.730339817929027,15.338098295212548
lawyers-expert.com,lawyers-expert,.com,1,14,1,0,2,lawyers,0,7.266591116729897,0.1839296863973354,0.1450866460800171,0.1450866460800171,0.7103713203404822,-1.639334188306434,0.2897958618789706,1.8453339021323416,1.748272884181344,0.31513751199839485,1,1.6866053140647195,5.401114461656724
lawyerspro.com,lawyerspro,.com,1,10,0,0,1,lawyers,0,4.9986695287611695,0.0398627730570316,0.0575188795725504,0.0575188795725504,0.7103713203404822,-1.639334188306434,0.02329103555072169,1.699996318465393,2.0687872372886424,0.3654355486759525,1,2.0702932450151263,7.927147373496091
expertlawyersmarket.com,expertlawyersmarket,.com,1,19,0,0,1,lawyers,0,2.7561642429055757,0.3757683192468534,0.1886701583862304,0.1886701583862304,0.7103713203404822,-1.639334188306434,-0.24409833815509688,1.805073532673585,1.1090694783241348,0.22729451653923582,1,1.1209061555581181,3.0676326966476135
bostonlawyers1.com,bostonlawyers1,.com,1,14,0,1,1,lawyers,0,2.367335990583229,0.3309216883847258,0.2651047706604004,0.2651047706604004,0.7103713203404822,-1.639334188306434,0.21306651527855391,1.7035381507609646,1.3411781411850554,0.25708491718835025,1,1.3519571846664598,3.86498261769273
mylawyersportal.com,mylawyersportal,.com,1,15,0,0,1,lawyers,0,2.449377951022404,0.3689480757529009,0.2663270632425944,0.2663270632425944,0.7103713203404822,-1.639334188306434,0.14486159988044256,1.782596333335292,1.9949327155753394,0.3535325933128624,1,2.015051638056765,7.501114714189725
lawyerselite.com,lawyerselite,.com,1,12,0,0,1,lawyers,0,4.001000838144391,0.2100609774487362,0.1375303665796916,0.1375303665796916,0.7103713203404822,-1.639334188306434,0.12892481444523043,1.7941208533998456,1.6754854009988056,0.3042458614725587,1,1.6771900002272144,5.350499923714153
toplawyerssite.com,toplawyerssite,.com,1,14,0,0,1,lawyers,0,8.046311037354409,0.201691951114689,0.1497193177541097,0.1497193177541097,0.7103713203404822,-1.639334188306434,0.2963043950451914,1.6762902167401967,1.708497781071572,0.30915952008298886,1,1.7703931323594735,5.873161837555295
lawyerssimple101.com,lawyerssimple101,.com,1,16,0,1,1,lawyers,0,3.016317999302059,0.3388244840630606,0.1810795068740844,0.1810795068740844,0.7103713203404822,-1.639334188306434,0.28481729148817364,1.6737787308380803,1.723503508911916,0.3114074510087217,1,1.7368757719187033,5.679571398745957
smartlawyersguide.com,smartlawyersguide,.com,1,17,0,0,1,lawyers,0,3.2824505923905174,0.6215630945366487,0.1703643798828125,0.1703643798828125,0.7103713203404822,-1.639334188306434,0.37396504459616337,1.7229934630259054,3.768921994108457,0.6543567223215438,1,3.659544962804297,38.84366353753334
smart-lawyers-hub.io,smart-lawyers-hub,.io,0,17,1,0,3,lawyers,0,3.283441527150412,0.2740226449395401,0.2011105418205261,0.2011105418205261,0.7103713203404822,-1.639334188306434,0.08204031244454357,1.8743087945823729,1.4278620667249662,0.2688438042690932,1,1.4165107868392748,4.122710299809417
elitelawyersguide.org,elitelawyersguide,.org,0,17,0,0,1,lawyers,0,3.1103769073622978,0.6863461227314925,0.2152134974797566,0.2152134974797566,0.7103713203404822,-1.639334188306434,0.3499384864186031,1.928098190496767,1.767833657150344,0.3181001693601748,1,1.8033851294365575,6.070161005031733
primelawyersservice.io,primelawyersservice,.io,0,19,0,0,1,lawyers,0,4.22503283872983,0.6705854171902097,0.3083807229995727,0.3083807229995727,0.7103713203404822,-1.639334188306434,-0.3704876286924432,1.7788847767845997,0.6014365130794973,0.17093794086652428,1,0.5928365007250392,1.8091126939202518
prime-lawyers.com,prime-lawyers,.com,1,13,1,0,2,lawyers,0,3.7979273703864607,0.4718996639550021,0.1513757308324178,0.1513757308324178,0.7103713203404822,-1.639334188306434,-0.26025588008439743,1.8399454757375335,2.015661774081326,0.3568558972236124,1,2.000443940615478,7.392337129280442
lawyersbest.com,lawyersbest,.com,1,11,0,0,1,lawyers,0,3.3452968715163376,0.0269842450314082,0.114788015683492,0.114788015683492,0.7103713203404822,-1.639334188306434,-0.2877875060516121,1.608499720841197,1.4679321401422833,0.2743929320507048,1,1.4949806138627897,4.459250104375498
lawyerschicago.co,lawyerschicago,.co,0,14,0,0,1,lawyers,0,2.0879738159474712,0.2397665316874922,0.2395530541737874,0.2395530541737874,0.7103713203404822,-1.639334188306434,0.29553481666986203,1.7851203595592775,1.367356372423746,0.2606003550287536,1,1.3875375135440207,4.00497570183362
toplawyers.com,toplawyers,.com,1,10,0,0,1,lawyers,0,5.903600952402127,0.3065814924940522,0.0918742020924886,0.0918742020924886,0.7103713203404822,-1.639334188306434,0.29463702341152165,1.6135345974153363,2.022365166210576,0.3579335648707698,1,2.0791760744406993,7.997876543953384
secure-lawyers.com,secure-lawyers,.com,1,14,1,0,2,lawyers,0,12.084328821986396,0.4685827333796302,0.1208827892939249,0.1208827892939249,0.7103713203404822,-1.639334188306434,0.19394077546343264,1.6668559429248662,1.668830410272241,0.3032606503036348,1,1.5963254908362008,4.93486585841011
top-lawyers-team.com,top-lawyers-team,.com,1,16,1,0,3,lawyers,0,2.006048556122144,0.6740961486160966,0.2286456028620402,0.2286456028620402,0.7103713203404822,-1.639334188306434,0.03775815552006156,1.8641786431937213,1.487531742907893,0.2771329868128885,1,1.4316184359153592,4.185467624434672
toplawyersapp.com,toplawyersapp,.com,1,13,0,0,1,lawyers,0,0.928358380757162,0.5067265208052293,0.1589315136273702,0.1589315136273702,0.7103713203404822,-1.639334188306434,-0.5607908393706238,1.5975215628742374,0.9177911668951465,0.20463940125325708,1,0.8721445507468545,2.3920351977220187
austinlawyers.net,austinlawyers,.net,0,13,0,0,1,lawyers,0,2.105431434346574,0.4430803360548466,0.3134726484616598,0.3134726484616598,0.7103713203404822,-1.639334188306434,-0.5604472779915988,1.8127258745530719,0.9884908996730999,0.21281226546310775,1,0.9075285795997771,2.4781903087688435
lawyerslive.com,lawyerslive,.com,1,11,0,0,1,lawyers,0,6.737332482214285,0.1029547772054567,0.188429057598114,0.188429057598114,0.7103713203404822,-1.639334188306434,0.24568376917744453,1.747425070432318,1.476687919059833,0.2756149197363886,1,1.421223580883799,4.14218563994487
lawyerscentral.com,lawyerscentral,.com,1,14,0,0,1,lawyers,0,1.2755065638976055,0.3057257910395544,0.1080721616744995,0.1080721616744995,0.7103713203404822,-1.639334188306434,-0.06286399484101049,1.6258380076673082,1.5698276867912297,0.28882026422534635,1,1.4936247534875748,4.453208080851561
trustedlawyers.io,trustedlawyers,.io,0,14,0,0,1,lawyers,0,2.317235745373716,0.6039472404274133,0.192449688911438,0.192449688911438,0.7103713203404822,-1.639334188306434,0.06887163382993504,1.7040378489162495,1.2214948971465969,0.2414120404843671,1,1.1031642928152559,3.0136871407682406
freelawyers.com,freelawyers,.com,1,11,0,0,1,lawyers,0,3.415037098152756,0.1781795230157225,0.2104798952738444,0.2104798952738444,0.7103713203404822,-1.639334188306434,-0.13780941027860022,1.7999377847813864,1.778849413066458,0.3197751286526108,1,1.7491353228508868,5.749628953211676
modernlawyershelp.com,modernlawyershelp,.com,1,17,0,0,1,lawyers,0,2.534409616734378,0.2397680124975131,0.1559534668922424,0.1559534668922424,0.7103713203404822,-1.639334188306434,0.18240853950623942,1.642932396253551,1.8890152108604399,0.3367772101599797,1,1.8822076132264467,6.567988447399427
lawyersfree.com,lawyersfree,.com,1,11,0,0,1,lawyers,0,5.088427922943411,0.3503305922712859,0.2102118730545044,0.2102118730545044,0.7103713203404822,-1.639334188306434,-0.5187648891049872,1.7100082174516236,1.2834815161637223,0.2494471613312159,1,1.220512105347154,3.3889227747955495
bestlawyers.com,bestlawyers,.com,1,11,0,0,1,lawyers,0,8.420685054305746,0.0605540158871961,0.1363984743754069,0.1363984743754069,0.7103713203404822,-1.639334188306434,0.3812261238487774,1.7029710476759399,2.170708262022325,0.38213306889770793,1,2.1436318023229717,8.53036202787167
lawyerselite24.com,lawyerselite24,.com,1,14,0,1,1,lawyers,0,6.736754699919396,0.4832944749235682,0.1758732398351033,0.1758732398351033,0.7103713203404822,-1.639334188306434,-0.02419827715414884,1.6930793595583284,1.4861157618577845,0.27693446595248505,1,1.3963059067707193,4.040247315352151
globallawyersapp.com,globallawyersapp,.com,1,16,0,0,1,lawyers,0,11.432369423064982,0.2847833666652757,0.2175396680831909,0.2175396680831909,0.7103713203404822,-1.639334188306434,0.03224433045193822,1.675219152289004,1.549962789134998,0.2859724544749209,1,1.5804375848828838,4.857080731390061
toplawyersnetwork.com,toplawyersnetwork,.com,1,17,0,0,1,lawyers,0,9.518188103875064,0.3814309060709491,0.1926414171854655,0.1926414171854655,0.7103713203404822,-1.639334188306434,-0.29308937833961174,1.7812618209974158,1.0991913511303644,0.22608236836107853,1,1.1928311186045049,3.296400509944593
truehotelzone.co,truehotelzone,.co,0,13,0,0,1,hotel,0,7.547217365912455,0.29421387818179,0.3218718369801839,0.3218718369801839,0.6693845056526838,-1.6024460550874156,-0.1253058408260502,1.7179127409008403,0.9911451333419716,0.2131236835533053,1,0.9679719693559372,2.632600048299699
experthotelhub360.com,experthotelhub360,.com,1,17,0,1,1,hotel,0,5.010976849341093,0.2414391279842265,0.369109312693278,0.369109312693278,0.6693845056526838,-1.6024460550874156,0.6022694409080943,1.7344725030738601,1.5772370473182868,0.2898867640006605,1,1.5018625675615425,4.49004429769365
hotelseattle2.com,hotelseattle2,.com,1,13,0,1,1,hotel,0,6.265476808210401,0.5525214159305608,0.3717710574467977,0.3717710574467977,0.6693845056526838,-1.6024460550874156,-0.48376353038196396,1.6192196621276167,0.7050417504946069,0.1814624132319645,1,0.7386577910436672,2.0931242181705185
quickhotelpro.com,quickhotelpro,.com,1,13,0,0,1,hotel,0,2.8245693184588045,0.361070514106339,0.405507485071818,0.405507485071818,0.6693845056526838,-1.6024460550874156,-0.04588032774070431,1.558372614838707,0.9281220400329379,0.2058189478909251,1,0.823126931856896,2.2776106475206555
hotelpro24.io,hotelpro24,.io,0,10,0,1,1,hotel,0,5.106556761317793,0.3653590385085002,0.190763771533966,0.190763771533966,0.6693845056526838,-1.6024460550874156,-0.6408170390466356,1.7631657309062736,0.5072491723174857,0.16179595196309315,1,0.5414051411806204,1.7184197889475104
hotelmodern.com,hotelmodern,.com,1,11,0,0,1,hotel,0,3.4710490503395346,0.169033812504728,0.1661658287048339,0.1661658287048339,0.6693845056526838,-1.6024460550874156,-0.21175024948305585,1.72326553442565,1.426225776351326,0.2686187156208387,1,1.3861201609338638,3.9993032599437783
myhotelnow.com,myhotelnow,.com,1,10,0,0,1,hotel,0,1.194790117882434,0.0419734074504696,0.248644749323527,0.248644749323527,0.6693845056526838,-1.6024460550874156,-0.2289991468406444,1.725958308579997,1.0240344434352375,0.21701010186401,1,0.9467694579005027,2.577369893639503
hotelsmart.com,hotelsmart,.com,1,10,0,0,1,hotel,0,0.9603425262083009,0.0831496988771676,0.2360375722249349,0.2360375722249349,0.6693845056526838,-1.6024460550874156,0.12667264887509527,1.6567080103041918,1.6149564895038613,0.29535201345292544,1,1.748905228718807,5.748306149518426
bostonhotel.com,bostonhotel,.com,1,11,0,0,1,hotel,0,4.492583424860402,0.2169574654342523,0.304866631825765,0.304866631825765,0.6693845056526838,-1.6024460550874156,0.7269431851688135,1.6501001029985563,2.4049907500544396,0.42152738181370836,1,2.4542667450262856,11.637896873715967
hotelteam2.com,hotelteam2,.com,1,10,0,1,1,hotel,0,1.6181334028203889,0.1272630816862335,0.2849825223286947,0.2849825223286947,0.6693845056526838,-1.6024460550874156,-0.00905199678384974,1.844157292191528,1.40059001687395,0.2651078580346492,1,1.4374079907304531,4.209769900470574
quickhotelnow.com,quickhotelnow,.com,1,13,0,0,1,hotel,0,2.181831573106274,0.4010442695472419,0.3114908933639526,0.3114908933639526,0.6693845056526838,-1.6024460550874156,-0.5563486226581391,1.7180928290473747,1.1413676781152187,0.23128979118345339,1,1.314323020610299,3.7222302589385836
fast-hotel-app.io,fast-hotel-app,.io,0,14,1,0,3,hotel,0,3.1037255187881594,0.592565662325653,0.3121437629063924,0.3121437629063924,0.6693845056526838,-1.6024460550874156,-0.39108443954636274,1.7585651295693732,0.7656724102500556,0.18785182576968287,1,0.7064584819065174,2.026800582273172
easyhotelplus.com,easyhotelplus,.com,1,13,0,0,1,hotel,0,5.230488232574015,0.2108982742408222,0.2951488892237345,0.2951488892237345,0.6693845056526838,-1.6024460550874156,0.6780309068503309,1.7417955010113502,2.3839584902802833,0.4179416047901163,1,2.348164958745109,10.466345915337802
elitehoteltoday.com,elitehoteltoday,.com,1,15,0,0,1,hotel,0,2.350220269846748,0.4152691852438661,0.40747731924057,0.40747731924057,0.6693845056526838,-1.6024460550874156,-0.3367318907195695,1.7780779544326621,1.7178781825687857,0.3105637003565574,1,1.7212995877934225,5.5917907672782885
hotelnow.net,hotelnow,.net,0,8,0,0,1,hotel,0,1.3376112349944267,0.1480426550406073,0.1238431533177693,0.1238431533177693,0.6693845056526838,-1.6024460550874156,-0.09952734331403329,1.7614286064573454,1.2088517836611787,0.2397949982947832,1,1.177134513097458,3.2450621843406737
hotelmiami2.ai,hotelmiami2,.ai,0,11,0,1,1,hotel,0,6.499628015378953,0.4506090205236549,0.3696068127950033,0.3696068127950033,0.6693845056526838,-1.6024460550874156,0.9091858043085412,1.8260717875952814,2.0682881055260487,0.3653545310792921,1,2.0993781274576047,8.161093174428125
hotelfree2.com,hotelfree2,.com,1,10,0,1,1,hotel,0,1.2663417194105633,0.5050454416323734,0.3130480647087097,0.3130480647087097,0.6693845056526838,-1.6024460550874156,0.03203206236062286,1.7655125766735345,1.3074096994853044,0.2525962424241129,1,1.289416076484825,3.6306659054663344
quick-hotel-solutions.com,quick-hotel-solutions,.com,1,21,1,0,3,hotel,0,2.108948649285997,0.4505217220602602,0.4194485147794088,0.4194485147794088,0.6693845056526838,-1.6024460550874156,-0.019874118037442035,1.6379175449348253,1.146429538912392,0.23192037176662442,1,1.150344610329041,3.1592814431367127
hotelbest.com,hotelbest,.com,1,9,0,0,1,hotel,0,9.13656944754074,0.4102728834316778,0.1697191596031189,0.1697191596031189,0.6693845056526838,-1.6024460550874156,-0.29803801621501874,1.7581530915629464,1.810863095968883,0.32466919874123695,1,1.7664493580209026,5.850045026319533
hotelsite.io,hotelsite,.io,0,9,0,0,1,hotel,0,2.961798819807552,0.3680175498787194,0.2260024348894755,0.2260024348894755,0.6693845056526838,-1.6024460550874156,-0.11746257884152617,1.787379125421244,1.0778843458721599,0.22348338682568972,1,1.2082201870568712,3.3475213854839563
sfhotel.com,sfhotel,.com,1,7,0,0,1,hotel,0,2.230946075556959,0.0781823707179068,0.2964713176091512,0.2964713176091512,0.6693845056526838,-1.6024460550874156,0.4675245177120815,1.7580640739136797,1.9951361958246532,0.3535651473948938,1,2.1308715348032496,8.422203857512093
hotel-experts.com,hotel-experts,.com,1,13,1,0,2,hotel,0,1.250413800922235,0.4679654801473926,0.2092472712198893,0.2092472712198893,0.6693845056526838,-1.6024460550874156,0.509265951694749,1.7463174806715938,2.192317281734944,0.3857108138334037,1,2.093921722674286,8.116684213407618
simple-hotel-pro1.com,simple-hotel-pro1,.com,1,17,1,1,3,hotel,0,4.870299700118683,0.4803681611072787,0.3854711850484212,0.3854711850484212,0.6693845056526838,-1.6024460550874156,-0.12661966710545994,1.8145901535502642,1.2223947004236762,0.24152740738082562,1,1.2668938312215385,3.5498091135887035
instanthotelhub.com,instanthotelhub,.com,1,15,0,0,1,hotel,0,2.24543290944366,0.6842342963404184,0.330004890759786,0.330004890759786,0.6693845056526838,-1.6024460550874156,-0.54801567526318,1.6154540522996,1.200464414227632,0.23872636071546136,1,1.2430565187266605,3.4661917701886584
hotelelite.com,hotelelite,.com,1,10,0,0,1,hotel,0,2.636010693804072,0.1389713645082775,0.2761781215667724,0.2761781215667724,0.6693845056526838,-1.6024460550874156,0.4017344312567472,1.8337812695045592,2.6419265011802913,0.4624082089932961,1,2.6335379101576484,13.922940983737329
easyhotelcentral.net,easyhotelcentral,.net,0,16,0,0,1,hotel,0,7.88483403810683,0.3016000298126631,0.3140930334726969,0.3140930334726969,0.6693845056526838,-1.6024460550874156,-0.0627293189074142,1.8053521325295665,1.075194621231708,0.2231568172796454,1,1.0463131464536046,2.8471347749249567
hotelmarket1.com,hotelmarket1,.com,1,12,0,1,1,hotel,0,4.6938036957651965,0.5350321094929074,0.1788302262624105,0.1788302262624105,0.6693845056526838,-1.6024460550874156,0.07118588421698019,1.6249516820130565,1.8308503632097963,0.3277443654726917,1,1.7857523511379727,5.964065331418234
hotelboston24.org,hotelboston24,.org,0,13,0,1,1,hotel,0,4.148254004979779,0.4354401124843071,0.3230647246042887,0.3230647246042887,0.6693845056526838,-1.6024460550874156,0.24739737431466777,1.635582806867903,1.089554295004533,0.22490421871572278,1,1.0525479872215662,2.864941660756165
hotelquick.com,hotelquick,.com,1,10,0,0,1,hotel,0,2.310834900381171,0.4414199919682991,0.1147371530532836,0.1147371530532836,0.6693845056526838,-1.6024460550874156,0.23193308963491935,1.7683245657765112,2.314497904925842,0.40616272202690284,1,2.4133361927229737,11.17116821568435
easyhotel.com,easyhotel,.com,1,9,0,0,1,hotel,0,3.024039918416606,0.2197003237765261,0.2149600783983866,0.2149600783983866,0.6693845056526838,-1.6024460550874156,0.1947867049629421,1.9254761285242616,2.191483442149485,0.3855725252744084,1,2.1978114277931504,9.00528320418615
elitehotelexperts.com,elitehotelexperts,.com,1,17,0,0,1,hotel,0,6.690370387757717,0.6144951268338144,0.391322374343872,0.391322374343872,0.6693845056526838,-1.6024460550874156,0.10374630028303082,1.5964904369111765,1.114194302829244,0.22792519006638773,1,1.0789434104783322,2.9415698766212137
hotelworld.com,hotelworld,.com,1,10,0,0,1,hotel,0,2.477961547560539,0.2154022734652251,0.1137613256772359,0.1137613256772359,0.6693845056526838,-1.6024460550874156,-0.26373465312508226,1.7468211623893908,1.7221629179061149,0.31120625990437445,1,1.7771122748129033,5.912757323481509
freehotelgroup.com,freehotelgroup,.com,1,14,0,0,1,hotel,0,2.5790195607798485,0.0,0.304501752058665,0.304501752058665,0.6693845056526838,-1.6024460550874156,-0.31107905963082144,1.8877402015040805,1.6530865866176094,0.30093711297998965,1,1.5829970800816784,4.869528329190248
hotelplus.net,hotelplus,.net,0,9,0,0,1,hotel,0,3.9505899181847135,0.442178029713245,0.1130543152491251,0.1130543152491251,0.6693845056526838,-1.6024460550874156,-0.02473813357822496,1.6992325406526596,1.7212858096275643,0.3110746651996407,1,1.7048868181396342,5.500763045382505
hotelfree1.com,hotelfree1,.com,1,10,0,1,1,hotel,0,11.533322789469027,0.1636715646027528,0.3089556097984314,0.3089556097984314,0.6693845056526838,-1.6024460550874156,0.11700329497420006,1.756292233066588,1.5831127064613217,0.2907341582043976,1,1.5250435830618636,4.595343844097404
fasthotel.org,fasthotel,.org,0,9,0,0,1,hotel,0,2.7302300708957,0.6649627862471579,0.2470215161641439,0.2470215161641439,0.6693845056526838,-1.6024460550874156,-0.2679373471003995,1.7223913245199873,1.3340514287942675,0.2561332695504926,1,1.1842773695246216,3.26832417725551
sfhotel360.com,sfhotel360,.com,1,10,0,1,1,hotel,0,0.9773849218049862,0.1207388838974568,0.3836603959401449,0.3836603959401449,0.6693845056526838,-1.6024460550874156,-0.055876907597705944,1.786786862073745,1.1475665221167661,0.23206217622419575,1,1.1420124127712554,3.133067049427615
hotelglobal.com,hotelglobal,.com,1,11,0,0,1,hotel,0,2.688791697392209,0.3496367295287199,0.1552466551462809,0.1552466551462809,0.6693845056526838,-1.6024460550874156,0.06579075562013656,1.7456353413443626,1.9413538730290667,0.34500870680643175,1,1.9066471817563966,6.730484833874431
hoteltrusted.com,hoteltrusted,.com,1,12,0,0,1,hotel,0,5.461062395230808,0.3220558466859685,0.1674397786458333,0.1674397786458333,0.6693845056526838,-1.6024460550874156,0.06644518749310505,1.8192928274080478,1.9690494260271794,0.3494027766141077,1,1.856883742887655,6.403749914294644
hotel-secure.com,hotel-secure,.com,1,12,1,0,2,hotel,0,3.824274342361464,0.2019191038891611,0.2891842524210612,0.2891842524210612,0.6693845056526838,-1.6024460550874156,0.46766513500425977,1.682491491853726,1.80260982008229,0.32340375992272097,1,1.7037598921359953,5.494567584035722
hotelnyc.com,hotelnyc,.com,1,8,0,0,1,hotel,0,12.967104334404487,0.372735061425098,0.3028018275896708,0.3028018275896708,0.6693845056526838,-1.6024460550874156,-0.37524655749940067,1.738509463109315,0.5750495045882231,0.16833616579322178,1,0.6476571501329428,1.9110582574837374
hotelai.com,hotelai,.com,1,7,0,0,1,hotel,0,3.702912799463452,0.4305339856507617,0.1170523961385091,0.1170523961385091,0.6693845056526838,-1.6024460550874156,0.25003876892073057,1.72823793015207,1.7086137955392702,0.3091768652035954,1,1.6474803749085323,5.193876704566885
fasthotelexperts101.com,fasthotelexperts101,.com,1,19,0,1,1,hotel,0,3.8533093549009942,0.1725135504483268,0.4372461636861166,0.4372461636861166,0.6693845056526838,-1.6024460550874156,0.6990537857617979,1.7330410033954124,1.69108392634185,0.3065621198625051,1,1.692504004118424,5.433068111497865
hotel-miami.com,hotel-miami,.com,1,11,1,0,2,hotel,0,5.464111290016986,0.5240306822559785,0.3185240427652995,0.3185240427652995,0.6693845056526838,-1.6024460550874156,0.0824069289084756,1.6941867451492805,1.4514707103358482,0.2721046599329299,1,1.332964305475837,3.7922681838299837
fasthotelgroup.com,fasthotelgroup,.com,1,14,0,0,1,hotel,0,2.49279739564018,0.6944177013985785,0.3059083223342895,0.3059083223342895,0.6693845056526838,-1.6024460550874156,0.08716264280742969,1.720343163599005,1.808784951755304,0.32435032369209515,1,1.786937169038826,5.971135850596474
finance.com,finance,.com,1,7,0,0,1,finance,1,7.488606373644863,0.0,0.0,0.0,0.5488277801003991,-1.4939450020903593,-0.21965563775292188,1.7104906893861556,1.4455497497521093,0.27128452655474383,1,1.3853629627547637,3.996276141006786
financepro.com,financepro,.com,1,10,0,0,1,finance,0,4.2548560979457015,0.2132025151466477,0.3870193163553874,0.3870193163553874,0.5488277801003991,-1.4939450020903593,-0.2228153490857825,1.5771014191592476,3.098337106360575,0.5421090125961178,1,3.074827754562688,21.646153139275672
financenow101.net,financenow101,.net,0,13,0,1,1,finance,0,3.797452376153739,0.3787193548922695,0.4878339171409607,0.4878339171409607,0.5488277801003991,-1.4939450020903593,0.5079125971573725,1.6275194737986989,1.6437938570293058,0.29957042363496467,1,1.7040166120184557,5.495978329855569
profinancebot.com,profinancebot,.com,1,13,0,0,1,finance,0,2.569911231482838,0.1768730805672537,0.4737338423728943,0.4737338423728943,0.5488277801003991,-1.4939450020903593,-0.6778933142170648,1.756050645158188,0.8058085160210876,0.19217577573637956,1,0.905602622966982,2.4734220149438246
myfinanceapp.com,myfinanceapp,.com,1,12,0,0,1,finance,0,1.8089333729182089,0.0500722945058683,0.511901875336965,0.511901875336965,0.5488277801003991,-1.4939450020903593,-0.1086693916685803,1.703797802628573,1.2421500541397918,0.24406976896982996,1,1.3328382427802716,3.7917901504121465
easyfinancehub2.com,easyfinancehub2,.com,1,15,0,1,1,finance,0,2.818953898505724,0.4543782152880385,0.3621567289034526,0.3621567289034526,0.5488277801003991,-1.4939450020903593,-0.04970112504263246,1.6384298628504603,1.5068375719236329,0.2798484035824645,1,1.5026419106039928,4.493544946403275
quickfinancelive.com,quickfinancelive,.com,1,16,0,0,1,finance,0,3.213700510210137,0.1999527790536386,0.3421167532602946,0.3421167532602946,0.5488277801003991,-1.4939450020903593,-0.6057350619275264,1.6150010572925804,0.5120635451307682,0.16225351404708796,1,0.4997237989390807,1.6482659550182324
financelive.com,financelive,.com,1,11,0,0,1,finance,0,2.8254475749707866,0.1146451284569397,0.3506980339686076,0.3506980339686076,0.5488277801003991,-1.4939450020903593,0.5837606638918319,1.5939845100463137,3.1937279041592053,0.5586314056767413,1,3.161709279366737,23.610919114328187
fastfinanceportal.ai,fastfinanceportal,.ai,0,17,0,0,1,finance,0,15.549304049272996,0.6544664683110066,0.321010947227478,0.321010947227478,0.5488277801003991,-1.4939450020903593,0.20554070838097727,1.635885721492561,1.630538405245919,0.29762709636327656,1,1.642455088545307,5.167841458863823
financesecure.com,financesecure,.com,1,13,0,0,1,finance,0,2.164723263441613,0.1070458009274663,0.4454097151756286,0.4454097151756286,0.5488277801003991,-1.4939450020903593,-0.02855571938979234,1.4828369816764593,1.130606996017706,0.22995326719563416,1,0.940704911734872,2.5617866154496727
financeai24.com,financeai24,.com,1,11,0,1,1,finance,0,2.849129957340274,0.0371075453315761,0.3477955857912699,0.3477955857912699,0.5488277801003991,-1.4939450020903593,-0.5654804187622373,1.6609665317062008,0.7431136206734649,0.1854545384456311,1,0.8199958348030574,2.2704903804731194
financedirect.com,financedirect,.com,1,13,0,0,1,finance,0,7.012197379636351,0.4500534106959296,0.4415629307428996,0.4415629307428996,0.5488277801003991,-1.4939450020903593,0.27469541281284726,1.6922105180195137,1.6062151140621945,0.29408013645376524,1,1.5748348246113024,4.829943764380523
primefinance.com,primefinance,.com,1,12,0,0,1,finance,0,0.9569212881538128,0.1202696937349778,0.3957529862721761,0.3957529862721761,0.5488277801003991,-1.4939450020903593,0.09532941434598394,1.7136733315196089,1.239874896383729,0.2437760525766386,1,1.266936674289906,3.5499612015611826
financenetwork.com,financenetwork,.com,1,14,0,0,1,finance,0,2.6568347759386186,0.4764002046813516,0.3511744737625122,0.3511744737625122,0.5488277801003991,-1.4939450020903593,-0.4608905738703845,1.6181959474079526,0.4396486473800438,0.15548070456312238,1,0.5166371042867929,1.6763806665557621
securefinance.com,securefinance,.com,1,13,0,0,1,finance,0,9.50066946434039,0.1650248690823277,0.3668522834777832,0.3668522834777832,0.5488277801003991,-1.4939450020903593,0.14706600955372806,1.6906268970390377,1.5084453356340106,0.2800752722886499,1,1.4920836125001549,4.446350345078817
finance-boston2.com,finance-boston2,.com,1,15,1,1,2,finance,0,1.6863542281917552,0.453548571872879,0.4363354047139486,0.4363354047139486,0.5488277801003991,-1.4939450020903593,0.2187798204368538,1.763767523904246,1.163146365126508,0.23401138397363483,1,1.2838411577508257,3.6104815534311765
bestfinanceai.io,bestfinanceai,.io,0,13,0,0,1,finance,0,2.4236819242594385,0.4412928151093038,0.362244447072347,0.362244447072347,0.5488277801003991,-1.4939450020903593,0.43810375299781823,1.5689734301420826,1.3558021928360182,0.2590449305003861,1,1.3341572967149562,3.7967950262544656
truefinanceassist.com,truefinanceassist,.com,1,17,0,0,1,finance,0,2.8742873380532217,0.0765895723557662,0.5248365799585979,0.5248365799585979,0.5488277801003991,-1.4939450020903593,0.2767806024126462,1.5496760159162173,1.0867480367944333,0.22456196838366538,1,1.16163708678881,3.1951597506686515
expertfinancebot.ai,expertfinancebot,.ai,0,16,0,0,1,finance,0,5.086428838686422,0.208033737638964,0.3987154364585876,0.3987154364585876,0.5488277801003991,-1.4939450020903593,-0.16059417260225523,1.6853551547855325,0.7637674781904426,0.1876484742470882,1,0.7193840640471099,2.0531682009890972
expertfinancesite.org,expertfinancesite,.org,0,17,0,0,1,finance,0,1.7356153228087725,0.3844993187102352,0.4892067114512126,0.4892067114512126,0.5488277801003991,-1.4939450020903593,0.3332187785989615,1.757324538937604,0.8710274184621807,0.1993629313825088,1,0.7239904998177827,2.0626478052649535
financehelp.com,financehelp,.com,1,11,0,0,1,finance,0,4.739164028137886,0.3037706024711586,0.4983556270599365,0.4983556270599365,0.5488277801003991,-1.4939450020903593,-0.2893467664209131,1.5920765630592169,0.8379628704389526,0.1956942500002799,1,0.7780622314293796,2.177249170116647
financeguide.com,financeguide,.com,1,12,0,0,1,finance,0,2.757355687990101,0.2937621840199137,0.5388663212458293,0.5388663212458293,0.5488277801003991,-1.4939450020903593,-0.273845716886506,1.6399410651625212,1.1735184286810287,0.23531533150545794,1,1.1116709490686223,3.0394328912008497
modernfinance.com,modernfinance,.com,1,13,0,0,1,finance,0,2.426296905173294,0.3109710187932153,0.4059374332427978,0.4059374332427978,0.5488277801003991,-1.4939450020903593,0.38953806208109226,1.6416778421005809,1.620135911401316,0.2961071289044084,1,1.6969723175990497,5.457399081700392
global-finance-now.org,global-finance-now,.org,0,18,1,0,3,finance,0,4.776012392384865,0.3020135093977783,0.4661348462104797,0.4661348462104797,0.5488277801003991,-1.4939450020903593,-0.3415855856402167,1.6575647858997884,0.9319949088090618,0.20626243594994884,1,0.8117596218292825,2.25186693674603
financeconnect.com,financeconnect,.com,1,14,0,0,1,finance,0,3.7682491619905423,0.2906224039178671,0.3457742929458618,0.3457742929458618,0.5488277801003991,-1.4939450020903593,-0.004776377128353866,1.625570083808283,1.8067044734427946,0.32403125368311286,1,1.7647098722624204,5.8398778017446205
bostonfinance.net,bostonfinance,.net,0,13,0,0,1,finance,0,2.3941985684591613,0.2499265145809454,0.4627996683120727,0.4627996683120727,0.5488277801003991,-1.4939450020903593,-0.3622773399142243,1.670532373700647,0.4105053305495571,0.15282079751220023,1,0.3737151052905954,1.453123104395331
smartfinanceapp.com,smartfinanceapp,.com,1,15,0,0,1,finance,0,4.218508664756003,0.5646066142638217,0.4140890638033549,0.4140890638033549,0.5488277801003991,-1.4939450020903593,-0.004229627775893603,1.5273052594602288,0.9972468500449737,0.21384085018877919,1,1.0309171716187633,2.8036360712788
financechicago24.com,financechicago24,.com,1,16,0,1,1,finance,0,3.555645383299013,0.4426976182712068,0.5255059401194255,0.5255059401194255,0.5488277801003991,-1.4939450020903593,-0.5472172817540409,1.7520632696771996,0.4549225836306171,0.15688977798148276,1,0.42956021404743044,1.5365816079239356
financemy.net,financemy,.net,0,9,0,0,1,finance,0,1.1899353339233592,0.2351120184095599,0.4021963477134704,0.4021963477134704,0.5488277801003991,-1.4939450020903593,0.3948066000722559,1.6933441401923215,1.3905605338229516,0.2637423149403729,1,1.4268054222944957,4.165371312454637
trustedfinance.com,trustedfinance,.com,1,14,0,0,1,finance,0,2.2821291692888432,0.2687920085896741,0.4206748803456624,0.4206748803456624,0.5488277801003991,-1.4939450020903593,-0.35721805682966806,1.5141659903052087,1.006723076488055,0.21495812029761358,1,0.9890915170083658,2.6887906418619325
directfinanceassist.com,directfinanceassist,.com,1,19,0,0,1,finance,0,2.1480355184645337,0.4660857390340998,0.5270240704218547,0.5270240704218547,0.5488277801003991,-1.4939450020903593,0.32579337922268525,1.576407835143106,1.2783430805233857,0.24877434408503424,1,1.3096481685575734,3.7048699931252798
expertfinanceai.com,expertfinanceai,.com,1,15,0,0,1,finance,0,16.10982346297258,0.1715695207056736,0.4676497975985209,0.4676497975985209,0.5488277801003991,-1.4939450020903593,0.39761703924439995,1.7247665871946884,1.7806909569923088,0.3200555933223258,1,1.8250422638061996,6.203057178371334
trustedfinanceteam.com,trustedfinanceteam,.com,1,18,0,0,1,finance,0,3.709516980532854,0.1828810268927753,0.4489968220392863,0.4489968220392863,0.5488277801003991,-1.4939450020903593,0.29925676350404756,1.62866013916044,1.809607654003698,0.3244765414770462,1,1.8609119511842842,6.429597577763827
finance-today.com,finance-today,.com,1,13,1,0,2,finance,0,5.054029913094171,0.4131068802619652,0.2883003155390422,0.2883003155390422,0.5488277801003991,-1.4939450020903593,0.15489096847141853,1.54618926756938,1.1354830770007718,0.23055822583821295,1,1.1717294829757927,3.227569841393499
financesite101.org,financesite101,.org,0,14,0,1,1,finance,0,2.350474691774563,0.3483228872029177,0.5631864070892334,0.5631864070892334,0.5488277801003991,-1.4939450020903593,0.43738284346532197,1.6416518321384816,0.7674350642999532,0.18804013996551514,1,0.766304243563103,2.1517990153051962
localfinance2.com,localfinance2,.com,1,13,0,1,1,finance,0,15.425943316487656,0.5292098876364788,0.7170377175013225,0.7170377175013225,0.5488277801003991,-1.4939450020903593,0.2590049827065174,1.601475303400421,0.8101110225658572,0.19264376682496268,1,0.8019321643288859,2.229845196224184
expertfinanceconnect.com,expertfinanceconnect,.com,1,20,0,0,1,finance,0,6.616483237386044,0.2824410059299028,0.4142709573109945,0.4142709573109945,0.5488277801003991,-1.4939450020903593,0.11927699280073706,1.576627547708763,1.1643669407033455,0.2341645705461915,1,1.271919338470565,3.567693606706139
finance-simple.com,finance-simple,.com,1,14,1,0,2,finance,0,9.60688838607761,0.2090055232459995,0.4200971126556396,0.4200971126556396,0.5488277801003991,-1.4939450020903593,-0.19466718559719381,1.4056894336245538,0.6074124371450164,0.17153158504010366,1,0.6826049064126689,1.9790262017222957
financeplus.org,financeplus,.org,0,11,0,0,1,finance,0,2.2791891991834654,0.1404379908989975,0.2783735593159994,0.2783735593159994,0.5488277801003991,-1.4939450020903593,-0.4479443351740071,1.7342866803611285,3.0428355759381533,0.5324505480758875,1,3.096199219744846,22.113741878597644
financemiami.com,financemiami,.com,1,12,0,0,1,finance,0,5.0766477969059896,0.4335046930243332,0.6409460306167603,0.6409460306167603,0.5488277801003991,-1.4939450020903593,0.6051483693099962,1.5897783020358291,2.078510657783479,0.36701534068429226,1,2.1678412702764076,8.739397665278851
financenyc2.com,financenyc2,.com,1,11,0,1,1,finance,0,4.852260328193068,0.4705322627036802,0.5253140131632488,0.5253140131632488,0.5488277801003991,-1.4939450020903593,0.0893246958995561,1.613679286060124,0.9731053145074063,0.2110136362056319,1,1.0303634969933881,2.8020841987832026
smartfinancebot.com,smartfinancebot,.com,1,15,0,0,1,finance,0,4.821504312168387,0.3850145299764265,0.407864252726237,0.407864252726237,0.5488277801003991,-1.4939450020903593,0.00421861321063894,1.5515632591429855,1.2206461622568339,0.24130325567904157,1,1.1258402387925734,3.08280605422707
finance-easy.co,finance-easy,.co,0,12,1,0,2,finance,0,1.4900257247987578,0.4693627440466796,0.341458519299825,0.341458519299825,0.5488277801003991,-1.4939450020903593,-0.027905347349882963,1.557684276792188,0.9521208108141717,0.20857846599750715,1,0.8480332510916667,2.335049876064506
finance-today101.com,finance-today101,.com,1,16,1,1,2,finance,0,4.170845239537739,0.8822349801939854,0.3467536966005961,0.3467536966005961,0.5488277801003991,-1.4939450020903593,0.629146408325624,1.7083602401490015,3.3962639422254712,0.5932421842079736,1,3.3951635918567327,29.81953130843392
bestfinanceapp.com,bestfinanceapp,.com,1,14,0,0,1,finance,0,4.789142837933353,0.2494375402486801,0.4530260960261027,0.4530260960261027,0.5488277801003991,-1.4939450020903593,0.3129746649796933,1.6976564488613464,1.333397692438115,0.25604609025890007,1,1.2467784673264382,3.4791167960144045
cryptoseattle.com,cryptoseattle,.com,1,13,0,0,1,crypto,0,4.373257031093196,0.4979568999317247,0.5044106642405193,0.5044106642405193,0.7356127867582534,-1.662051508082428,-0.0710198946784417,1.891971026883352,1.4614800953606055,0.27349462086777065,1,1.3429064554501637,3.8301595314690426
moderncryptocentral.com,moderncryptocentral,.com,1,19,0,0,1,crypto,0,4.296371939176706,0.5453373064088722,0.4475291570027669,0.4475291570027669,0.7356127867582534,-1.662051508082428,-0.26113438982837966,1.7858266502452476,1.0335022355065662,0.21813832903332603,1,0.9901274140338191,2.6915773952354676
cryptomiami24.com,cryptomiami24,.com,1,13,0,1,1,crypto,0,6.245690537971789,0.2914923798828867,0.4813406864802043,0.4813406864802043,0.7356127867582534,-1.662051508082428,-0.042939623123294524,1.7960763781850326,0.848145101502212,0.1968185478337494,1,0.8467621060709329,2.3320835747403756
freecryptozone.com,freecryptozone,.com,1,14,0,0,1,crypto,0,3.3799255536243904,0.2309677019116075,0.5889878670374553,0.5889878670374553,0.7356127867582534,-1.662051508082428,0.013619622415510929,1.644261733693172,0.7223602172106066,0.18327003586410284,1,0.6803699365592434,1.9746080768493346
bestcrypto.com,bestcrypto,.com,1,10,0,0,1,crypto,0,2.558195848959209,0.3932168520174176,0.3547835350036621,0.3547835350036621,0.7356127867582534,-1.662051508082428,0.45056588906177286,1.7930031547801681,2.2111853252623996,0.388844888435734,1,2.1907840730496106,8.942221721765414
cryptoapp.com,cryptoapp,.com,1,9,0,0,1,crypto,0,2.7579750306916035,0.3174884640549005,0.3376909097035726,0.3376909097035726,0.7356127867582534,-1.662051508082428,0.3849928776197292,1.808119910126229,1.6994346735730073,0.30780617476531025,1,1.8092950849042453,6.106141603393987
topcrypto.com,topcrypto,.com,1,9,0,0,1,crypto,0,3.793466568730708,0.0,0.2764002482096354,0.2764002482096354,0.7356127867582534,-1.662051508082428,-0.04628002978591023,1.646378365699219,1.879372202549411,0.33527118287450886,1,1.9392075808551617,6.953238907364641
expertcrypto.com,expertcrypto,.com,1,12,0,0,1,crypto,0,7.73386288455903,0.0,0.425670842329661,0.425670842329661,0.7356127867582534,-1.662051508082428,0.5032219289707618,1.781401113786349,2.000629687400009,0.3544445440348918,1,1.9971459618508174,7.367997516231495
global-crypto-now.com,global-crypto-now,.com,1,17,1,0,3,crypto,0,2.4260974621073426,0.302148364165735,0.440270205338796,0.440270205338796,0.7356127867582534,-1.662051508082428,-0.041163799398792326,1.9242171640442707,0.9141649754568909,0.20422656637122263,1,0.9829166626961245,2.6722389062418386
cryptobot24.com,cryptobot24,.com,1,11,0,1,1,crypto,0,3.2517361950700736,0.1350256312515049,0.3548093636830648,0.3548093636830648,0.7356127867582534,-1.662051508082428,-0.2635121710300173,1.802140235689786,1.060861364864464,0.22142230192121376,1,1.0496505545902235,2.856652699453774
freecrypto2.com,freecrypto2,.com,1,11,0,1,1,crypto,0,1.8239191692330297,0.1466335795517965,0.6041235725084941,0.6041235725084941,0.7356127867582534,-1.662051508082428,0.4996198492895766,1.768325204174334,1.4727645265769544,0.2750669403857088,1,1.350413641312292,3.8590214513021524
cryptobot.com,cryptobot,.com,1,9,0,0,1,crypto,0,2.2844280442354017,0.266517450284735,0.3808568914731344,0.3808568914731344,0.7356127867582534,-1.662051508082428,-0.12664138797951952,1.8127972234576075,1.2259524931026347,0.2419839322238941,1,1.1825611723451714,3.2627198989198503
austincrypto.com,austincrypto,.com,1,12,0,0,1,crypto,0,2.0149344344554483,0.0851940925333931,0.5119335651397705,0.5119335651397705,0.7356127867582534,-1.662051508082428,0.11780409431190214,1.823211015282611,1.7469918272000577,0.3149440044320399,1,1.7637664379447735,5.83437085874356
truecryptoassist.com,truecryptoassist,.com,1,16,0,0,1,crypto,0,4.853786347877705,0.1994139595074232,0.4710544149080912,0.4710544149080912,0.7356127867582534,-1.662051508082428,0.23330043401333672,1.8783044897717016,1.3079523291887836,0.25266795983048923,1,1.259501149056117,3.5236632661104523
cryptola.net,cryptola,.net,0,8,0,0,1,crypto,0,8.402280194995164,0.6424284021711152,0.6307088335355123,0.6307088335355123,0.7356127867582534,-1.662051508082428,-0.02044393535053885,1.8835929585549125,0.5645993317982013,0.16731453862326062,1,0.5482039504892705,1.73014280351824
crypto-quick.com,crypto-quick,.com,1,12,1,0,2,crypto,0,2.631039628368488,0.1352463678519952,0.3530454635620117,0.3530454635620117,0.7356127867582534,-1.662051508082428,0.290861150183791,1.9306648566272204,1.6643227727777383,0.3025943599198694,1,1.6043311702673113,4.974531375365005
smartcrypto1.com,smartcrypto1,.com,1,12,0,1,1,crypto,0,4.928952858680208,0.3819159837618914,0.321538249651591,0.321538249651591,0.7356127867582534,-1.662051508082428,-0.20470594722655022,1.9157077338563449,1.2864974467792452,0.24984262705288063,1,1.2769380939440456,3.585643995149914
topcryptoguide.com,topcryptoguide,.com,1,14,0,0,1,crypto,0,11.090875278382514,0.5966962474925684,0.5916893482208252,0.5916893482208252,0.7356127867582534,-1.662051508082428,-0.016305544618768777,1.8012340521129737,1.1630808459388828,0.2340031630512823,1,1.013930990118452,2.756415186751613
crypto-service.io,crypto-service,.io,0,14,1,0,2,crypto,0,2.475237459099872,0.5258431206709803,0.4516302545865377,0.4516302545865377,0.7356127867582534,-1.662051508082428,-0.3888867153211453,1.8049230715635034,0.5958074653148469,0.17038024789163353,1,0.5471395773122504,1.7283022656091123
quickcryptobot.com,quickcryptobot,.com,1,14,0,0,1,crypto,0,10.054541223108547,0.3073763354352313,0.354511042435964,0.354511042435964,0.7356127867582534,-1.662051508082428,0.10112083350904741,1.7490127726742926,1.5287575586152315,0.28295114848008873,1,1.5810376643383126,4.859996240431378
expert-crypto-ai.com,expert-crypto-ai,.com,1,16,1,0,3,crypto,0,4.713152059168978,0.2657466655634916,0.4061891635258993,0.4061891635258993,0.7356127867582534,-1.662051508082428,0.43573158252625593,1.8412489665467542,1.8447994000979382,0.3298993272552336,1,1.8039263871566042,6.073447415855015
free-crypto-plus.org,free-crypto-plus,.org,0,16,1,0,3,crypto,0,6.696448788192182,0.6129773392581558,0.4444887240727743,0.4444887240727743,0.7356127867582534,-1.662051508082428,0.013503393043320972,1.8120576568112727,0.4854309110870248,0.15973537097041385,1,0.3924336242610027,1.4805795874551821
cryptosite.co,cryptosite,.co,0,10,0,0,1,crypto,0,4.899954564652955,0.0324028610048589,0.4226171970367431,0.4226171970367431,0.7356127867582534,-1.662051508082428,0.3672688636901925,1.8412932287498294,1.2080920746600585,0.23969806877683544,1,1.1357022658611902,3.1133591812323127
cryptoteam2.io,cryptoteam2,.io,0,11,0,1,1,crypto,0,2.622155560695611,0.7348939571667656,0.3745616475741068,0.3745616475741068,0.7356127867582534,-1.662051508082428,0.0358936143041934,1.8283240641481528,0.7167399829169829,0.18268189543802807,1,0.6241696910294697,1.8666953798729204
cryptola360.com,cryptola360,.com,1,11,0,1,1,crypto,0,3.377875270920504,0.1884040100846122,0.4054544369379679,0.4054544369379679,0.7356127867582534,-1.662051508082428,-0.051604871471358595,1.7966707621783957,1.165282908486258,0.23427957347343192,1,1.2697857394078023,3.5600896937060442
fast-crypto1.net,fast-crypto1,.net,0,12,1,1,2,crypto,0,7.149705146217809,0.5141756448200638,0.4963662226994833,0.4963662226994833,0.7356127867582534,-1.662051508082428,0.5558966375022418,1.6986536654780322,1.351775042792483,0.2585042164698522,1,1.4414553953457871,4.226843070301437
easycrypto.com,easycrypto,.com,1,10,0,0,1,crypto,0,3.723482703054796,0.1266201568053267,0.5114716291427612,0.5114716291427612,0.7356127867582534,-1.662051508082428,-0.21777260585315128,1.8498396128729273,0.685944359565324,0.17948523631235408,1,0.677465815566221,1.9688818948675286
crypto-austin.net,crypto-austin,.net,0,13,1,0,2,crypto,0,12.157579883395387,0.4762023988535119,0.5566612879435222,0.5566612879435222,0.7356127867582534,-1.662051508082428,-0.3766858201115688,1.835138880259222,0.5844388109729315,0.16925831876046316,1,0.4191472265712396,1.5206642204894916
cryptoexperts.com,cryptoexperts,.com,1,13,0,0,1,crypto,0,3.1356067015224776,0.0140230960920655,0.4527156551678976,0.4527156551678976,0.7356127867582534,-1.662051508082428,0.3455918007662402,1.6727298632934013,1.598758630145428,0.29299774164102177,1,1.6506823204618826,5.210533868420188
bestcryptosite.com,bestcryptosite,.com,1,14,0,0,1,crypto,0,3.730170696476245,0.2321512662524129,0.5821153521537781,0.5821153521537781,0.7356127867582534,-1.662051508082428,-0.6582794497909201,1.7746605428111275,0.34432288147633433,0.1469188877613681,1,0.266733439651459,1.3056923541299221
cryptopro.com,cryptopro,.com,1,9,0,0,1,crypto,0,4.9043408797716905,0.0481934275481932,0.4435816407203674,0.4435816407203674,0.7356127867582534,-1.662051508082428,0.1717683481478366,1.7381426706598422,1.2899530052646255,0.2502962529795922,1,1.3319786827088698,3.788532279368239
sfcrypto.io,sfcrypto,.io,0,8,0,0,1,crypto,0,4.673276203121821,0.0827044742305464,0.3776615858078003,0.3776615858078003,0.7356127867582534,-1.662051508082428,-0.0006719486117211522,1.766116082915971,1.3192983631339459,0.254170608874468,1,1.2999673537609562,3.669176880838415
directtravel.com,directtravel,.com,1,12,0,0,1,travel,0,1.4071057549341173,0.5721485601971529,0.1586344838142395,0.1586344838142395,0.2285006915841915,-1.2056506224257724,0.012114155964839465,1.3620638125221467,1.1191540375323825,0.22853672065374808,1,1.1003594882293461,3.0052461804111785
besttravel24.com,besttravel24,.com,1,12,0,1,1,travel,0,5.498009564605011,0.3517325685301848,0.2644222974777221,0.2644222974777221,0.2285006915841915,-1.2056506224257724,0.07809270644215814,1.4000084041328762,2.0732259484989073,0.3661563618746398,1,2.0556266750818373,7.811731756676053
travelchicago.io,travelchicago,.io,0,13,0,0,1,travel,0,2.531004370756206,0.4659448212319548,0.4602239529291789,0.4602239529291789,0.2285006915841915,-1.2056506224257724,0.3866377253908855,1.3180704744720702,0.9321586286217157,0.20628119932567227,1,0.8957231356081437,2.449106185157691
travelsecure.com,travelsecure,.com,1,12,0,0,1,travel,0,0.7754377301511812,0.1613311106349585,0.4033364852269491,0.4033364852269491,0.2285006915841915,-1.2056506224257724,-0.1443179052716557,1.38821425391237,0.757702807145437,0.18700219802777968,1,0.6337151441062969,1.8845991468715084
travelmarket.com,travelmarket,.com,1,12,0,0,1,travel,0,1.8585828972068648,0.3424642450098966,0.2174649635950724,0.2174649635950724,0.2285006915841915,-1.2056506224257724,0.0803186004122622,1.4165836747973821,0.9673694672797162,0.21034595149938995,1,0.9211976930753277,2.5122975501283067
elitetravelai24.com,elitetravelai24,.com,1,15,0,1,1,travel,0,1.6569543470312775,0.2823962859158718,0.3246452411015829,0.3246452411015829,0.2285006915841915,-1.2056506224257724,0.22119351931648834,1.5698281628011266,0.9704276673287694,0.21070175004392233,1,0.9008749917403956,2.4617561853875793
elitetravel.com,elitetravel,.com,1,11,0,0,1,travel,0,0.9752700021347788,0.1261980412455107,0.3375099102656047,0.3375099102656047,0.2285006915841915,-1.2056506224257724,0.5177460787359804,1.4505048782519716,2.098576525377229,0.3702845160333423,1,2.1673576505609153,8.735172142121906
modern-travel2.com,modern-travel2,.com,1,14,1,1,2,travel,0,1.82034855058474,0.5250631299184175,0.3847607970237732,0.3847607970237732,0.2285006915841915,-1.2056506224257724,-0.038406963570564286,1.3752033284199396,0.516259854037896,0.16265318536520407,1,0.5254077828235437,1.691148329030997
mytraveltoday.com,mytraveltoday,.com,1,13,0,0,1,travel,0,2.804821285942435,0.3269469698609912,0.2966558933258056,0.2966558933258056,0.2285006915841915,-1.2056506224257724,0.12345205705922006,1.3562270708802329,1.602030819005232,0.2934724504090023,1,1.632201417750114,5.115122855317857
travelworld.com,travelworld,.com,1,11,0,0,1,travel,0,5.047706532597563,0.4840938610074665,0.1576703786849975,0.1576703786849975,0.2285006915841915,-1.2056506224257724,0.001047651919984506,1.377719859312292,1.5271284242742307,0.282719831447098,1,1.564499294506651,4.780280823704544
travelcentral24.com,travelcentral24,.com,1,15,0,1,1,travel,0,4.86031417560488,0.4484332618030446,0.239022672176361,0.239022672176361,0.2285006915841915,-1.2056506224257724,-0.13119451201416335,1.2967547703759121,1.025435348721421,0.21717677416327003,1,1.1050966152545034,3.019516186038966
easytravelhub.com,easytravelhub,.com,1,13,0,0,1,travel,0,2.195670153730216,0.2492203099236,0.2111215392748515,0.2111215392748515,0.2285006915841915,-1.2056506224257724,-0.5792833701148143,1.3232916790997025,0.8275426254148891,0.19454870970225646,1,0.8123096848540855,2.2531059462201193
protravelbot.com,protravelbot,.com,1,12,0,0,1,travel,0,2.4834991158794693,0.1201943581438135,0.2277960379918416,0.2277960379918416,0.2285006915841915,-1.2056506224257724,-0.09584767694118301,1.4334742765495412,1.1668323532902731,0.23447420085856327,1,1.3366081536320527,3.8061118400324974
traveltop.net,traveltop,.net,0,9,0,0,1,travel,0,2.739544361321213,0.4212143840803206,0.2593544125556946,0.2593544125556946,0.2285006915841915,-1.2056506224257724,-0.11789118867420749,1.431200023321663,0.7557050601003006,0.18678968551895092,1,0.7782708197984846,2.1777033663385548
travelguide.com,travelguide,.com,1,11,0,0,1,travel,0,4.282339908689009,0.2852071050836469,0.2649667859077453,0.2649667859077453,0.2285006915841915,-1.2056506224257724,0.2168956879188676,1.4825774669587493,1.767790417304511,0.318093603913646,1,1.8119985117328803,6.122671443963898
experttravelhub.com,experttravelhub,.com,1,15,0,0,1,travel,0,2.353209162504868,0.3081042561195072,0.2462327480316162,0.2462327480316162,0.2285006915841915,-1.2056506224257724,0.11061675472550017,1.2460624649545409,1.2961578544819603,0.2511121660554626,1,1.201182062564571,3.324043829128187
moderntravelgroup.ai,moderntravelgroup,.ai,0,17,0,0,1,travel,0,3.2719536226829997,0.232032838488944,0.2939110000928243,0.2939110000928243,0.2285006915841915,-1.2056506224257724,0.14343996006504242,1.3237304267971846,2.588037164033944,0.45304526976315673,1,2.483077162867721,11.978066226849927
travelprime.co,travelprime,.co,0,11,0,0,1,travel,0,3.3966922380054214,0.5619583628702751,0.2177329858144124,0.2177329858144124,0.2285006915841915,-1.2056506224257724,-0.7630735225713159,1.358828308142924,0.49018194703963025,0.16018225503723163,1,0.4910718112701231,1.6340666927970162
moderntravelhub1.com,moderntravelhub1,.com,1,16,0,1,1,travel,0,4.895505620084494,0.1625152886809321,0.36566823720932,0.36566823720932,0.2285006915841915,-1.2056506224257724,0.16980638939100823,1.3529278383214427,1.2594626440899628,0.24631261542734026,1,1.291099335993894,3.6367824047595736
fast-travel-central.ai,fast-travel-central,.ai,0,19,1,0,3,travel,0,8.536849749659934,0.4845727949191458,0.4040188590685526,0.4040188590685526,0.2285006915841915,-1.2056506224257724,-0.0004874280051721146,1.4015550425859211,0.6640797380944007,0.17724227671156642,1,0.7113311844941506,2.0367006792407376
travelsecure2.org,travelsecure2,.org,0,13,0,1,1,travel,0,3.798746299590489,0.4645659160888205,0.4455238580703735,0.4455238580703735,0.2285006915841915,-1.2056506224257724,0.2819875237348753,1.2435603141451281,0.7583313984182344,0.1870691035984596,1,0.9277881834126501,2.528909503187266
elitetravelnow.com,elitetravelnow,.com,1,14,0,0,1,travel,0,6.223042789371968,0.2061474844966504,0.3658399979273478,0.3658399979273478,0.2285006915841915,-1.2056506224257724,0.23709047904230582,1.384187323599458,1.3887089014080656,0.26349070404795416,1,1.253304047522337,3.501894289028208
travelsf101.io,travelsf101,.io,0,11,0,1,1,travel,0,4.210081979468099,0.7904445081198148,0.4130438963572184,0.4130438963572184,0.2285006915841915,-1.2056506224257724,-0.07142400455359713,1.3839263198972336,0.785712279257757,0.19000134985848158,1,0.7818265601538154,2.1854604970786227
travel-bot.com,travel-bot,.com,1,10,1,0,2,travel,0,3.882208759182831,0.4346984926389653,0.2133667469024658,0.2133667469024658,0.2285006915841915,-1.2056506224257724,0.8557955507706207,1.3177293202796192,1.9680975596110146,0.3492513267078131,1,1.9051763504910881,6.720592702961139
travelinstant.com,travelinstant,.com,1,13,0,0,1,travel,0,2.3864738685144173,0.3574485498217853,0.1691748698552449,0.1691748698552449,0.2285006915841915,-1.2056506224257724,-0.48206047943212854,1.339637738713662,0.9277234659843273,0.20577334668935385,1,0.997624766308823,2.711832935723535
travel-prime.com,travel-prime,.com,1,12,1,0,2,travel,0,3.269599686567012,0.6059847039126375,0.1889806985855102,0.1889806985855102,0.2285006915841915,-1.2056506224257724,0.052444844895548015,1.390064555156157,1.4473666810530614,0.27153603110925734,1,1.5323784701756058,4.629174091291043
primetravelsite.io,primetravelsite,.io,0,15,0,0,1,travel,0,2.568009033194038,0.7882391146140002,0.3397552172342936,0.3397552172342936,0.2285006915841915,-1.2056506224257724,0.983223801430326,1.3192770699314451,1.7767738945058813,0.31945918613615343,1,1.7383994163695407,5.68823164208125
travelhub.com,travelhub,.com,1,9,0,0,1,travel,0,4.175195866520083,0.2016492891442661,0.1421823104222615,0.1421823104222615,0.2285006915841915,-1.2056506224257724,0.03863850396427648,1.4216070946324837,1.6816294424090212,0.3051570280282433,1,1.6643689925411955,5.28233900259341
travelquick.com,travelquick,.com,1,11,0,0,1,travel,0,2.951135733151281,0.4257362896076493,0.1841604709625244,0.1841604709625244,0.2285006915841915,-1.2056506224257724,-0.09684503152999968,1.299285027549862,1.2831436362710127,0.24940288266930702,1,1.2414367696948525,3.4605819538985734
travelaustin.com,travelaustin,.com,1,12,0,0,1,travel,0,1.0010801722470122,0.2944028498789956,0.5708060661951702,0.5708060661951702,0.2285006915841915,-1.2056506224257724,0.17309482936299864,1.4582080429393367,1.021909888912117,0.21675751008456495,1,1.0009637134612572,2.72090273594769
securetravelhelp.com,securetravelhelp,.com,1,16,0,0,1,travel,0,3.782782023226171,0.2357885577426872,0.4004011551539103,0.4004011551539103,0.2285006915841915,-1.2056506224257724,-0.09508603429055228,1.4025352052362128,1.291151519359256,0.2504537151307947,1,1.1633337819293166,3.2005855643649785
travel-miami101.ai,travel-miami101,.ai,0,15,1,1,2,travel,0,6.445070401592068,0.774516238761582,0.4392288128534953,0.4392288128534953,0.2285006915841915,-1.2056506224257724,0.15761104731533454,1.4314766921817277,0.7356415906172309,0.18466572457376157,1,0.8228548733124839,2.276991088365156
securetravelbot.net,securetravelbot,.net,0,15,0,0,1,travel,0,1.6722951970890032,0.4203917765348667,0.3292723496754964,0.3292723496754964,0.2285006915841915,-1.2056506224257724,-0.08254027676119848,1.346362053358968,0.7316062510499061,0.18424079871413124,1,0.7591927878080698,2.1365508743158403
travelsolutions360.co,travelsolutions360,.co,0,18,0,1,1,travel,0,3.9811920286648057,0.3532907511335179,0.3036819895108541,0.3036819895108541,0.2285006915841915,-1.2056506224257724,0.6199694347936892,1.4333025316770793,1.468706857184391,0.27450091836085516,1,1.4615275660860447,4.312542192535843
travelteam1.ai,travelteam1,.ai,0,11,0,1,1,travel,0,2.8676876805877747,0.6143024459929204,0.6560275952021282,0.6560275952021282,0.2285006915841915,-1.2056506224257724,-0.05772822138867651,1.4816203443321752,0.4993548111303909,0.16104791953567624,1,0.4662655429423343,1.5940302266300381
instanttravel.com,instanttravel,.com,1,13,0,0,1,travel,0,6.778001492311913,0.2116901080781409,0.1867574453353881,0.1867574453353881,0.2285006915841915,-1.2056506224257724,0.021596621917628806,1.4711957923839714,1.9593383545602885,0.3478590950857363,1,1.8451116639272231,6.328806450330003
