domain,sld,tld,is_com,length,has_hyphen,has_digit,token_count,cluster_keyword,exact_match,age_years,true_distance,S_k,slope_k,alpha_i,gamma_k,log_price_latent,price_latent,sale_prob,sold,log_price_obs,price_obs,embedding_distance
chatmy.com,chatmy,.com,1,6,0,0,1,chat,0,4.896952744864734,0.277188206479063,0.75,-1.675,-0.3485817967741313,1.7709150364357946,1.1192093185705576,3.062431837776425,0.2285435432558372,1,1.2291393499707304,3.4182863217096595,0.2239104111989339
chatguide.com,chatguide,.com,1,9,0,0,1,chat,0,2.5141867321337887,0.0535831584341135,0.75,-1.675,0.1509549345723006,1.7665993541187974,2.190792106387999,8.94229355794699,0.3854578843411606,1,2.244037482218023,9.43133336020688,0.4776392380396525
chicagochat.com,chicagochat,.com,1,11,0,0,1,chat,0,2.5107013787087142,0.3331345515050982,0.75,-1.675,0.1887906958732927,1.6375485943419117,1.2413438771330898,3.460260506505953,0.243965666407246,1,1.3465230983187948,3.8440369302955166,0.4155834515889486
chatla.com,chatla,.com,1,6,0,0,1,chat,0,1.0534092964415689,0.3988419745403538,0.75,-1.675,0.1653950897843378,1.7743402889092357,1.679680029429923,5.36383942575576,0.304867762676744,1,1.7064242452399436,5.509226571921299,0.4356022675832113
trustedchat1.com,trustedchat1,.com,1,12,0,1,1,chat,0,1.1794512648059208,0.4550294391968705,0.75,-1.675,-0.2733393975060539,1.7236434389877795,1.260017290936358,3.5254824457309675,0.2463846988271906,1,1.3766070223335234,3.961437729315827,0.2695511778195699
simplechatlive24.com,simplechatlive24,.com,1,16,0,1,1,chat,0,2.369378021350628,0.3327821216742985,0.75,-1.675,-0.6105977331643127,1.8877943865133264,0.6942671716331682,2.002241236994879,0.1803448310508977,1,0.7281833050782249,2.071314241476929,0.3131132324536642
lachat.com,lachat,.com,1,6,0,0,1,chat,0,3.7363781813742794,0.1375778550280939,0.75,-1.675,0.3134339380959408,1.7731374606436696,2.094849229234268,8.124215983604042,0.3696763465012433,1,1.9719626951889957,7.184764160973433,0.5374592542648315
chatai.com,chatai,.com,1,6,0,0,1,chat,0,3.0975486188837213,0.1667650735115387,0.75,-1.675,0.4085231792765054,1.8086198507700852,2.2158144947784577,9.168874071166126,0.3896152330373489,1,2.1774431823469675,8.823716757638248,0.4522682229677836
bestchattoday.net,bestchattoday,.net,0,13,0,0,1,chat,0,6.260583150037054,0.1270877886534036,0.75,-1.675,0.2020369303314354,1.8175011789427815,1.6877617758561634,5.407364257291232,0.3060679822886951,1,1.6225363969227349,5.065923227090646,0.3836228450139364
trustedchatmarket.com,trustedchatmarket,.com,1,17,0,0,1,chat,0,4.032757485843967,0.2587474203993949,0.75,-1.675,0.3774507604695487,1.767457982696489,2.1280959756519207,8.398859943714065,0.3751155086886418,1,2.13668196630265,8.471282943353014,0.334898829460144
freechat.ai,freechat,.ai,0,8,0,0,1,chat,0,6.163222127875023,0.2280359006154908,0.75,-1.675,0.1929669756314103,1.7055331266406293,1.818670161508933,6.163656329911673,0.3258685841454493,1,1.8767719395791047,6.532383860802408,0.2241357167561849
localchatassist.co,localchatassist,.co,0,15,0,0,1,chat,0,2.757908422456308,0.2507091511820543,0.75,-1.675,-0.1851228758348585,1.6781828392167597,0.6911709944357791,1.9960515304919944,0.1800246778960285,1,0.7336456333437292,2.0826593970781504,0.2371853590011596
elitechatnow.co,elitechatnow,.co,0,12,0,0,1,chat,0,4.050166773214594,0.4953853543270763,0.75,-1.675,-0.1721575422173788,1.8235514207308965,0.7690496336591196,2.1577146596705603,0.1882127607058807,1,0.7078279433328902,2.029578108913256,0.2639529109001159
chatnow2.co,chatnow2,.co,0,8,0,1,1,chat,0,5.961529503592342,0.3757977753288887,0.75,-1.675,-0.3163692578069368,1.8175713269293607,0.8522302045172884,2.344870565713912,0.1972709838125198,1,0.7945443966776311,2.213432319924457,0.1296031475067138
chataustin24.com,chataustin24,.com,1,12,0,1,1,chat,0,2.970126706428395,0.1449126813491217,0.75,-1.675,-1.1390676294541977,1.845682517151772,0.5452173307253138,1.7249832334989172,0.1654328453633653,1,0.4089307579034771,1.505207493154614,0.7856770356496176
my-chat.com,my-chat,.com,1,7,1,0,2,chat,0,6.0624847375033655,0.1265396008870632,0.75,-1.675,0.2157477366851568,1.6359360115204682,1.7857373703830344,5.963975985886301,0.3208248218584288,1,1.6118692839913793,5.012171648690484,0.178878903388977
topchatteam.com,topchatteam,.com,1,11,0,0,1,chat,0,3.2495105224886744,0.3325257537062828,0.75,-1.675,0.2289448007598822,1.8500776379990973,2.0609383344997023,7.853335409632634,0.3641624224568793,1,2.0681149155145024,7.909898228498085,0.3658981124560038
chattoday.com,chattoday,.com,1,9,0,0,1,chat,0,5.436532788551684,0.1661404463567411,0.75,-1.675,-0.0489296216537623,1.680010588858999,1.3979020012777377,4.046701080938992,0.2647414339637045,1,1.3693478529741494,3.932785104880807,0.3088661034901937
mychathelp101.net,mychathelp101,.net,0,13,0,1,1,chat,0,4.113472420227559,0.1963514580338965,0.75,-1.675,0.4964408911128039,1.9438187072461888,1.8361217995792989,6.272166313888661,0.3285578931568212,1,1.8063443188075556,6.088150364791729,0.4156526923179626
localchatteam.com,localchatteam,.com,1,13,0,0,1,chat,0,8.058572461264033,0.0562887226110727,0.75,-1.675,-0.1184525246851867,1.7746931564207948,1.9852938274140983,7.281186483371195,0.3519920622873205,1,1.9301766469458184,6.890727360020615,0.4636411865552267
my-chat-solutions.io,my-chat-solutions,.io,0,17,1,0,3,chat,0,2.0439901191697367,0.7002277986606149,0.75,-1.675,-0.0207438079101193,1.8334551171543128,0.2017170127500304,1.2235017237285055,0.1348432057386349,1,0.2552152328221328,1.2907394004619746,0.3009098768234253
chat-nyc.com,chat-nyc,.com,1,8,1,0,2,chat,0,4.044066179135894,0.0816954668756133,0.75,-1.675,0.2038319310834631,1.7838318724854532,1.7517814336216246,5.764863255248778,0.3156678174923418,1,1.6311492445527431,5.109743690550986,0.356974999109904
chatsite24.com,chatsite24,.com,1,10,0,1,1,chat,0,2.416073925094937,0.2180438991598769,0.75,-1.675,0.1806927206979994,1.9322199164653504,1.9346318760274612,6.921495617873827,0.343946168680638,1,1.900972264115616,6.692398058630374,0.2791829903920492
truechathelp24.com,truechathelp24,.com,1,14,0,1,1,chat,0,5.936899303582163,0.1766081610581525,0.75,-1.675,0.1761410792839269,1.92862834694466,2.712932570500473,15.073414613770575,0.4747846089800846,1,2.6188342303134746,13.719720224828484,0.6215808788935344
primechatpro.com,primechatpro,.com,1,12,0,0,1,chat,0,2.727547113376973,0.0652404755121111,0.75,-1.675,0.2550865231808726,1.7094875511891972,2.0449106630967684,7.728468069664125,0.361568578322833,1,2.208456567286752,9.101657750230064,0.39482315381368
chatservice.net,chatservice,.net,0,11,0,0,1,chat,0,1.3797344196519148,0.5249584458420286,0.75,-1.675,-0.0123002527916476,1.8811403885692208,0.6205647412467097,1.8599781516784963,0.1728438822130335,1,0.7072703925932103,2.028446831538967,0.3218171993891398
expertchatsolutions.com,expertchatsolutions,.com,1,19,0,0,1,chat,0,10.295547711107446,0.4644592577763617,0.75,-1.675,-0.143129661234445,1.8107031250292085,1.3839455508911191,3.990615784270184,0.2628441402887999,1,1.545443543928898,4.690051409579392,0.428008238474528
chat-prime.io,chat-prime,.io,0,10,1,0,2,chat,0,3.686755074999907,0.2747131393157349,0.75,-1.675,-0.127813915702807,1.8461754653750184,1.1554126853805988,3.1753335609096083,0.2330423978611718,1,1.0994020491446062,3.0023702172582487,0.2031556765238444
modernchatapp.com,modernchatapp,.com,1,13,0,0,1,chat,0,3.874940215521039,0.1175398947151361,0.75,-1.675,-0.1761352793555884,1.701678565075745,1.619751363264508,5.051834088862059,0.2960510266460894,1,1.6455306337351006,5.183759855130135,0.3013017773628235
chatsite.com,chatsite,.com,1,8,0,0,1,chat,0,1.0499444634524702,0.1494794881757485,0.75,-1.675,-0.9985302262598786,1.7471977480871406,0.8962493273431862,2.450395223701534,0.2021959932877523,1,0.9791778404523824,2.6622665340588654,0.2836410204569499
fastchat.com,fastchat,.com,1,8,0,0,1,chat,0,14.555155598054824,0.0,0.75,-1.675,0.1810305175970854,1.9089651965541985,2.1121719939653367,8.26617588479255,0.3725063178727228,1,2.207252075088113,9.09070147417436,0.271303653717041
chat-bot.com,chat-bot,.com,1,8,1,0,2,chat,0,3.97859366121768,0.0,0.75,-1.675,-0.7119871008288231,1.9761112569830348,1.606051462833091,4.983096389761299,0.2940563555606985,1,1.7236596853705868,5.605003524685537,0.1310503482818603
primechatlive.com,primechatlive,.com,1,13,0,0,1,chat,0,5.213022488023941,0.0638711659427984,0.75,-1.675,-0.3994326758956547,1.9260483647324589,1.7160707410405556,5.562628459345131,0.310292866471673,1,1.8801910187144677,6.554756823835424,0.3983203570048014
expertchatsite.io,expertchatsite,.io,0,14,0,0,1,chat,0,2.363683866149678,0.1160160101403552,0.75,-1.675,-0.1566590166807447,1.7724270971230385,1.5794403743453436,4.852239613511095,0.2902043590115515,1,1.6747114572612452,5.337254900723637,0.4826789100964864
chatai1.com,chatai1,.com,1,7,0,1,1,chat,0,3.4595474471149337,0.388384260796629,0.75,-1.675,0.3391641930723724,1.860295511964321,1.5121364733677325,4.536412372633673,0.280596547125419,1,1.5746544428766331,4.829072609318542,0.4631568988164266
chatassist.com,chatassist,.com,1,10,0,0,1,chat,0,8.4145356341327,0.3601071529770839,0.75,-1.675,0.3213110140379951,1.7722732334704945,1.869674790368332,6.486186685872703,0.3337600327836029,1,1.8738622403404517,6.513404214378105,0.1881011327107747
miamichat.com,miamichat,.com,1,9,0,0,1,chat,0,2.736728120521257,0.1637503435934585,0.75,-1.675,0.2531718766024017,1.8513367396153064,2.055955990980592,7.8143047077739345,0.3633552489696492,1,1.9726524100661045,7.189721309016639,0.4703760147094726
easychatapp.com,easychatapp,.com,1,11,0,0,1,chat,0,1.580639597188369,0.026701099005861,0.75,-1.675,0.6582812315776606,1.9306583613215955,2.57170461493785,13.088115634004597,0.4502138308882676,1,2.663470106819524,14.345984924015744,0.3490390380223592
sfchat.com,sfchat,.com,1,6,0,0,1,chat,0,3.816570399961775,0.3436939810322725,0.75,-1.675,0.5301501143730409,1.7977328123706833,2.041920071804668,7.705389906231234,0.3610854816535996,1,2.1975734720089304,9.003140599891827,0.3466273347536723
localchatbot.co,localchatbot,.co,0,12,0,0,1,chat,0,5.32413768953835,0.344236336772197,0.75,-1.675,-0.0966038716007683,1.8656738303287768,0.6129182204700533,1.845810027558552,0.172079971610235,1,0.7863070507695092,2.195274401462328,0.3099936246871948
quickchatconnect.net,quickchatconnect,.net,0,16,0,0,1,chat,0,10.361280085681717,0.3713800328006967,0.75,-1.675,0.0120336377902772,1.8884949470499104,1.0453069843307103,2.8442715364382622,0.2195509541393964,1,1.0527972132471348,2.8656557677630903,0.2921233574549357
chat-instant.com,chat-instant,.com,1,12,1,0,2,chat,0,3.170023415172121,0.1080913887785154,0.75,-1.675,-0.3977574785312465,1.804588101598375,1.2481881757467934,3.4840247948680045,0.2448504344907483,1,1.2376517880720244,3.4475084718510733,0.0835499167442321
quickchatworld.com,quickchatworld,.com,1,14,0,0,1,chat,0,4.832676276184654,0.0652940627567104,0.75,-1.675,-0.2397905928749555,1.7846754273225405,1.768549596499,5.862344427298953,0.3182088865801388,1,1.988046330045949,7.30125557577376,0.2097474535306294
chatlocal.com,chatlocal,.com,1,9,0,0,1,chat,0,1.7462392947769318,0.134725521919899,0.75,-1.675,-0.0299628171248423,1.8030018609274556,1.6696009627091464,5.310048467008827,0.3033746313705036,1,1.800424850814475,6.052218208118097,0.4575975735982259
modernchatcentral.net,modernchatcentral,.net,0,17,0,0,1,chat,0,2.9035157456492184,0.3124581211595381,0.75,-1.675,-0.3311104392228364,1.8769853263104117,0.7022485219845899,2.0182857691392875,0.1811721718908684,1,0.6664764997200993,1.947363681635539,0.3380610545476278
trustedchatsolutions.com,trustedchatsolutions,.com,1,20,0,0,1,chat,0,4.41029938427027,0.4572368853844434,0.75,-1.675,-0.0421778688680637,1.733167177408654,1.5189027276480012,4.567210970336637,0.2815536352473038,1,1.7167427217894482,5.566367694789464,0.4653314749399821
topchat.com,topchat,.com,1,7,0,0,1,chat,0,2.539814454009889,0.0,0.75,-1.675,0.1696417728664429,1.694110768120877,2.075551885388292,7.968943188983798,0.3665343161320221,1,2.080256233047193,8.006520186548075,0.2324012915293375
instantchatzone.io,instantchatzone,.io,0,15,0,0,1,chat,0,6.3587431881948,0.4355124416036566,0.75,-1.675,0.4496067515397986,1.7211351602819622,1.298661946980716,3.664390237398407,0.2514419445530618,1,1.2769970451564947,3.5858553794414583,0.2477133274078369
chatguide2.com,chatguide2,.com,1,10,0,1,1,chat,0,1.8913766989497836,0.403796637709778,0.75,-1.675,0.0552073226640883,1.8234440872737243,1.4426149847315444,4.2317473155668575,0.2708785974161527,1,1.3436035666413022,3.832830509418419,0.4099684953689575
primechatsite.com,primechatsite,.com,1,13,0,0,1,chat,0,4.52233571637103,0.2653258319940472,0.75,-1.675,0.0610900709835858,1.840665036493002,1.800508601906067,6.052725109226047,0.3230820007301768,1,1.7165157529445625,5.565104446108038,0.5103728175163269
globalchatexperts.com,globalchatexperts,.com,1,17,0,0,1,chat,0,5.2350768921057576,0.3773625860895799,0.75,-1.675,-0.4376097540357597,1.720008376620152,1.1090958070034185,3.0316159888451133,0.2272977534613509,1,1.2601107333240618,3.525811890620323,0.3994570175806681
nycchat.org,nycchat,.org,0,7,0,0,1,chat,0,2.4812981512304706,0.5185035193357395,0.75,-1.675,-0.6218889815516087,1.760012832207867,0.0956854661624964,1.1004128924655976,0.1264166692528216,1,0.0917602238851088,1.0961019714971802,0.4668541749318441
globalchatservice.com,globalchatservice,.com,1,17,0,0,1,chat,0,13.313720766084174,0.4204025818232961,0.75,-1.675,-0.3382326828272241,1.8788867113182168,1.1465188123110666,3.147217761771865,0.2319315037494946,1,1.1333484845088115,3.1060396321367225,0.4149096210797628
fastchatlive.com,fastchatlive,.com,1,12,0,0,1,chat,0,2.501375750029275,0.2456730704308421,0.75,-1.675,-0.2057180667399058,1.730161339091958,1.2648794810408608,3.5426657519906497,0.2470172097596059,1,1.30985464349568,3.705635034906063,0.2803810437520345
quickchatai.com,quickchatai,.com,1,11,0,0,1,chat,0,3.4506686072077306,0.0310129968093979,0.75,-1.675,0.3276358523189328,1.774401877651918,2.2377712309404205,9.372419034251037,0.3932765246163574,1,2.155986458456585,8.636405433480183,0.2517414093017578
my-chat-help.io,my-chat-help,.io,0,12,1,0,3,chat,0,3.4121517497299205,0.2044121012899605,0.75,-1.675,0.4150402195597612,1.8774420060696468,1.5363211511324315,4.6474614747965886,0.2840265848455873,1,1.481418528555362,4.399181621693648,0.2480203906695048
lawyers-today.com,lawyers-today,.com,1,13,1,0,2,lawyers,0,4.495120015695956,0.3092476871222084,0.7103713203404822,-1.639334188306434,0.0843500886890359,1.727370239855882,1.413405187962857,4.109926676012946,0.2668592437939373,1,1.440364695170582,4.222235365093321,0.1012133558591207
lawyersservice.com,lawyersservice,.com,1,14,0,0,1,lawyers,0,5.581475212777764,0.2186079103461853,0.7103713203404822,-1.639334188306434,0.0141975918333761,1.870190260602821,2.0743366091397477,7.959264603868718,0.3663368187005612,1,2.210177662060026,9.117336053865188,0.1199771960576375
fastlawyers.com,fastlawyers,.com,1,11,0,0,1,lawyers,0,1.3342615869383907,0.391679695685445,0.7103713203404822,-1.639334188306434,0.2072128890369931,1.809822619422164,1.5760462879753958,4.83579861005115,0.2897152095645757,1,1.4574981037266743,4.295199929560661,0.2334895730018615
lawyersgroup.com,lawyersgroup,.com,1,12,0,0,1,lawyers,0,1.9037806350600728,0.4881287553796856,0.7103713203404822,-1.639334188306434,-0.5461743552560249,1.6593214649617736,0.5162396724043337,1.6757145518081216,0.162651261298022,1,0.545655452662324,1.7257391520746517,0.1548189918200175
miamilawyers360.net,miamilawyers360,.net,0,15,0,1,1,lawyers,0,3.2036307832056155,0.5111803551080889,0.7103713203404822,-1.639334188306434,0.0890104692937985,1.65503537522792,0.6185403599781022,1.856216655384128,0.172641379669319,1,0.6186089467177793,1.856343971598707,0.3718945384025574
lawyersmiami.com,lawyersmiami,.com,1,12,0,0,1,lawyers,0,1.5703995710311274,0.2978534313135719,0.7103713203404822,-1.639334188306434,-0.1644939006655029,1.6167464805983132,1.0832787944703954,2.9543503957868813,0.2241393723981425,1,1.1866296666195617,3.2760212961289663,0.2393223841985066
chicagolawyers.io,chicagolawyers,.io,0,14,0,0,1,lawyers,0,7.883436977536862,0.6562490005529533,0.7103713203404822,-1.639334188306434,0.1329823451854797,1.6075338518586686,0.2376785940386456,1.2683014876500585,0.1378070004507252,1,0.248378029341605,1.2819444532242947,0.1661793390909831
smartlawyers.com,smartlawyers,.com,1,12,0,0,1,lawyers,0,4.380934617244384,0.2935965449519089,0.7103713203404822,-1.639334188306434,0.2885581300796197,1.723146008375928,1.8549525976792824,6.391395276471388,0.3314723894267026,1,1.8940771977226067,6.646412249479027,0.1225485404332479
bostonlawyers.com,bostonlawyers,.com,1,13,0,0,1,lawyers,0,3.4621204597544994,0.3017796193283866,0.7103713203404822,-1.639334188306434,0.3219119676466492,1.7270356687100228,2.051370458597601,7.778553991164731,0.362613041043295,1,2.0871842178645608,8.062181825703574,0.2239014705022176
onlinelawyerstoday.com,onlinelawyerstoday,.com,1,18,0,0,1,lawyers,0,2.634812025514284,0.1828681967275142,0.7103713203404822,-1.639334188306434,-0.2497160113374635,1.7263491669725175,1.4609838486840805,4.310198025638973,0.2734256049765777,1,1.6193346063972245,5.04972914096936,0.2237536509831746
expertlawyersteam.com,expertlawyersteam,.com,1,17,0,0,1,lawyers,0,4.939570601816525,0.0167564056871446,0.7103713203404822,-1.639334188306434,-0.5293042970893984,1.8687054895990325,1.78681127955146,5.97038419467903,0.3209886444670032,1,1.7035148685812769,5.493221450478591,0.1819631457328796
lawyersmy.com,lawyersmy,.com,1,9,0,0,1,lawyers,0,4.725580090521395,0.4847341539772324,0.7103713203404822,-1.639334188306434,-0.1705750780943881,1.7715065828673122,1.401051137493648,4.059464780634225,0.2651707494998409,1,1.5130954884137122,4.540764947112412,0.1083288590113322
primelawyersapp.com,primelawyersapp,.com,1,15,0,0,1,lawyers,0,5.527641641034794,0.461269290332733,0.7103713203404822,-1.639334188306434,-0.0690015833354444,1.7923569776468495,1.237291765767019,3.4462675153039344,0.2434428682279887,1,1.326867797812909,3.769218923174549,0.2985411882400512
onlinelawyersgroup.com,onlinelawyersgroup,.com,1,18,0,0,1,lawyers,0,5.695975798603384,0.0608446693570214,0.7103713203404822,-1.639334188306434,-0.0297655186633081,1.8276925953641423,1.917188180638008,6.801806105312124,0.3411961582814924,1,1.9789915261621136,7.235442550113541,0.2654834588368734
online-lawyers24.com,online-lawyers24,.com,1,16,1,1,2,lawyers,0,3.992348732705768,0.5135923359455007,0.7103713203404822,-1.639334188306434,0.0278749414628638,1.829105698737561,0.619209760855555,1.857459624417851,0.1727083202733501,1,0.6492313167790188,1.9140689506960864,0.1892536878585815
locallawyersportal.net,locallawyersportal,.net,0,18,0,0,1,lawyers,0,5.407123610318185,0.3527503689876327,0.7103713203404822,-1.639334188306434,0.5601732730338702,1.7443206087901575,1.4093691619746127,4.093372334486918,0.2663068670885179,1,1.546845435220167,4.6966309626375855,0.2218776941299438
lawyersassist.org,lawyersassist,.org,0,13,0,0,1,lawyers,0,7.146329994691315,0.3407888207822969,0.7103713203404822,-1.639334188306434,0.8656431289669838,1.8158637606544303,1.968162338848121,7.157511314999993,0.3492616326616712,1,1.9589491063531903,7.091870346242756,0.109092096487681
lawyerssite.com,lawyerssite,.com,1,11,0,0,1,lawyers,0,2.940808102975123,0.0841373322577966,0.7103713203404822,-1.639334188306434,-0.333110565652102,1.8235175306022104,1.9284121409698536,6.878579351184094,0.3429644111985206,1,1.7861293194342895,5.9663140187806345,0.0884397824605306
trustedlawyersportal360.com,trustedlawyersportal360,.com,1,23,0,1,1,lawyers,0,2.913605384548899,0.4550942492484025,0.7103713203404822,-1.639334188306434,0.6340239086551184,1.5686404655697888,1.3615188897381614,3.9021156864052178,0.2598137573794428,1,1.45325267118844,4.277003600994585,0.2821027239163717
onlinelawyers.com,onlinelawyers,.com,1,13,0,0,1,lawyers,0,5.409224741647133,0.4813085358839684,0.7103713203404822,-1.639334188306434,-0.0583932689916662,1.7802202323223857,1.2606878698078174,3.527847352610449,0.2464718680238994,1,1.268688819737528,3.5561867023184406,0.1942900816599528
lawyersnow.com,lawyersnow,.com,1,10,0,0,1,lawyers,0,4.032956829393255,0.2523580480436603,0.7103713203404822,-1.639334188306434,-0.4552456194139502,1.728911552674063,0.9080740487870408,2.4795424539656974,0.2035345201628462,1,0.9814819904078111,2.6684078679346617,0.1248860359191894
global-lawyers-world.com,global-lawyers-world,.com,1,20,1,0,3,lawyers,0,3.0707264656850715,0.6079533613088451,0.7103713203404822,-1.639334188306434,-0.0753720396898967,1.72436179472864,0.6104212996168734,1.8412069351799487,0.171831101594937,1,0.6805345289340446,1.9749331090301805,0.2943597237269084
quicklawyersapp.com,quicklawyersapp,.com,1,15,0,0,1,lawyers,0,5.338782423417499,0.5730937784343473,0.7103713203404822,-1.639334188306434,-0.1477734739662299,1.6994533304684956,1.032098299095518,2.8069494792708185,0.2179707625849819,1,1.0808754773877989,2.9472586802467013,0.256440540154775
lawyersmarket.net,lawyersmarket,.net,0,13,0,0,1,lawyers,0,4.840448131322094,0.2399858590608098,0.7103713203404822,-1.639334188306434,0.3913640560027477,1.7151464729527084,1.6278657882809615,5.092993584751711,0.2972361560512191,1,1.7246488433084666,5.610550501379558,0.2038604021072387
lawyersaustin.com,lawyersaustin,.com,1,13,0,0,1,lawyers,0,2.211570669095191,0.1606405301836735,0.7103713203404822,-1.639334188306434,0.1881548574653319,1.9261454457189384,2.1423945554411907,8.51981439041351,0.3774645749842352,1,2.100984735887524,8.174215393831094,0.2702942490577698
elite-lawyers.com,elite-lawyers,.com,1,13,1,0,2,lawyers,0,5.960008099486921,0.6575811422569697,0.7103713203404822,-1.639334188306434,0.1935505851662781,1.8259993066123097,0.3625706039834766,1.437018676647397,0.1485270573832165,1,0.4073504461906688,1.5028306746746691,0.144959290822347
bostonlawyers1.com,bostonlawyers1,.com,1,14,0,1,1,lawyers,0,2.367335990583229,0.3309216883847258,0.7103713203404822,-1.639334188306434,-0.5740825533322145,1.887639629346311,1.1163926432986226,3.0538180984950625,0.2281961009708081,1,1.129038475065922,3.09268137976792,0.2651047706604004
fastlawyersplus.com,fastlawyersplus,.com,1,15,0,0,1,lawyers,0,3.842842499073294,0.1543292331033266,0.7103713203404822,-1.639334188306434,0.0918848043131637,1.7113641331862814,2.031588437559003,7.626190470297405,0.3594186879121647,1,2.2073871352433696,9.091929348643443,0.2539229393005371
lawyerselite.com,lawyerselite,.com,1,12,0,0,1,lawyers,0,4.001000838144391,0.2100609774487362,0.7103713203404822,-1.639334188306434,-0.1597411139940376,1.832743494234844,1.4759201342241632,4.375059563469272,0.275507630190011,1,1.4821611801806105,4.402449894518612,0.1375303665796916
mylawyers.com,mylawyers,.com,1,9,0,0,1,lawyers,0,3.369303695788553,0.2601435499700258,0.7103713203404822,-1.639334188306434,-0.1480712103590228,1.874709804700764,1.9759052219292144,7.213146197506178,0.3504944874781776,1,2.014778689085944,7.499067572043855,0.1092761754989624
secure-lawyers.com,secure-lawyers,.com,1,14,1,0,2,lawyers,0,12.084328821986396,0.4685827333796302,0.7103713203404822,-1.639334188306434,0.1615313162323395,1.662823605062275,1.3391240867492242,3.815699819158004,0.2568103971650974,1,1.435481463409516,4.201667471024326,0.1208827892939249
top-lawyers-team.com,top-lawyers-team,.com,1,16,1,0,3,lawyers,0,2.006048556122144,0.6740961486160966,0.7103713203404822,-1.639334188306434,-0.0422285299589263,1.77271754413532,0.5975502310013352,1.8176604933822371,0.1705527561884135,1,0.5684046179734182,1.7654482391008277,0.2286456028620402
toplawyersapp.com,toplawyersapp,.com,1,13,0,0,1,lawyers,0,0.928358380757162,0.5067265208052293,0.7103713203404822,-1.639334188306434,-0.4554384185372342,1.7636708556079146,1.0709329785581616,2.918100755778644,0.222640091953602,1,0.9361282667647576,2.5500890159194345,0.1589315136273702
easylawyers.com,easylawyers,.com,1,11,0,0,1,lawyers,0,2.3486901895069705,0.1692492725945016,0.7103713203404822,-1.639334188306434,-0.277526042478958,1.8396187537448525,1.3201017397637118,3.743802251441955,0.2542772297118216,1,1.1919350990037565,3.29344819334006,0.1857743660608927
lawyerslive.com,lawyerslive,.com,1,11,0,0,1,lawyers,0,6.737332482214285,0.1029547772054567,0.7103713203404822,-1.639334188306434,0.3334658912179666,1.7329883529511978,1.8504928057472108,6.362954450605617,0.3307809556960658,1,1.8513834131645983,6.368623869274245,0.188429057598114
lawyersai.io,lawyersai,.io,0,9,0,0,1,lawyers,0,2.5055157679617106,0.2864422277195714,0.7103713203404822,-1.639334188306434,-0.2756487544041335,1.793216126436951,0.865619441753329,2.376477719659795,0.1987593741547492,1,0.9079814772995738,2.479312929656364,0.2415772279103597
globallawyers.io,globallawyers,.io,0,13,0,0,1,lawyers,0,3.099609366821767,0.1051049688966654,0.7103713203404822,-1.639334188306434,0.0107363116247481,1.8670873776632928,1.5192132274231889,4.568629308501607,0.2815976031185787,1,1.5353220937179477,4.642820712531641,0.1986843347549438
lawyerscentral.com,lawyerscentral,.com,1,14,0,0,1,lawyers,0,1.2755065638976055,0.3057257910395544,0.7103713203404822,-1.639334188306434,0.001989994313887,1.9555207761160105,1.6217670866972262,5.0620274592695536,0.2963451717745536,1,1.6072247480748176,4.988946414416208,0.1080721616744995
freelawyers.com,freelawyers,.com,1,11,0,0,1,lawyers,0,3.415037098152756,0.1781795230157225,0.7103713203404822,-1.639334188306434,0.3409917920802581,1.75072888873434,1.9371551814503412,6.938982718670517,0.3443448422328284,1,1.9229379121487296,6.841027311856792,0.2104798952738444
lawyersconnect.com,lawyersconnect,.com,1,14,0,0,1,lawyers,0,4.824513783279428,0.4284832409733919,0.7103713203404822,-1.639334188306434,0.3322022065861955,1.7662396990814178,1.9743338748946733,7.201820742059766,0.3502441287555974,1,2.084177261245457,8.037975606462899,0.1158310969670613
securelawyers.io,securelawyers,.io,0,13,0,0,1,lawyers,0,1.7496709512003394,0.3585410920001457,0.7103713203404822,-1.639334188306434,-0.0626705716179012,1.595369365613303,0.4207942435842295,1.523170843990823,0.1537555802871056,1,0.3338909110243953,1.3963908044229971,0.1407170295715332
lawyersla360.io,lawyersla360,.io,0,12,0,1,1,lawyers,0,1.3225100679773116,0.241243971567392,0.7103713203404822,-1.639334188306434,-0.0159256493831002,1.7225249016385824,1.3884713144628014,4.008717298505006,0.2634584304740324,1,1.3322702192769342,3.7896369360830575,0.1712359984715779
lawyers-best.com,lawyers-best,.com,1,12,1,0,2,lawyers,0,4.052720593953339,0.4988746454531961,0.7103713203404822,-1.639334188306434,0.248865856539077,1.6800369998347586,1.4430261670722444,4.23348769311506,0.2709354480972065,1,1.434298710410144,4.196700873928397,0.1175153255462646
simplehotel.com,simplehotel,.com,1,11,0,0,1,hotel,0,1.8608733558001556,0.2141446596046859,0.6693845056526838,-1.6024460550874156,-0.3088961440059352,1.6590565497466077,1.1152866377715938,3.050442425899967,0.2280597748352902,1,1.0755972955170718,2.931743494917286,0.2475544810295105
experthotelhub360.com,experthotelhub360,.com,1,17,0,1,1,hotel,0,5.010976849341093,0.2414391279842265,0.6693845056526838,-1.6024460550874156,-0.016624105909202,1.714674041869944,1.5702950213479925,4.808066466804755,0.2888874632500997,1,1.4419780812338638,4.2290529590139085,0.369109312693278
quickhotelpro.com,quickhotelpro,.com,1,13,0,0,1,hotel,0,2.8245693184588045,0.361070514106339,0.6693845056526838,-1.6024460550874156,-0.6678167791993528,1.7860915413048113,0.9767744317477236,2.655875702463249,0.2114415555049686,1,0.9860705692753884,2.680680202642508,0.405507485071818
hotelmodern.com,hotelmodern,.com,1,11,0,0,1,hotel,0,3.4710490503395346,0.169033812504728,0.6693845056526838,-1.6024460550874156,-0.4172092196941149,1.692997883164789,1.052946643172708,2.8660840144868263,0.2204686582649329,1,0.9441581612149555,2.570648395910602,0.1661658287048339
myhotelnow.com,myhotelnow,.com,1,10,0,0,1,hotel,0,1.194790117882434,0.0419734074504696,0.6693845056526838,-1.6024460550874156,-0.2936389538754621,1.6973891940860326,2.124883428138809,8.371921500770949,0.3745885334206129,1,2.1154378476650373,8.293216136607668,0.248644749323527
hotelaustin.com,hotelaustin,.com,1,11,0,0,1,hotel,0,4.136950605254721,0.0294705542140742,0.6693845056526838,-1.6024460550874156,-0.0023633418042989,1.747492109077434,2.2227166336210007,9.232377816762538,0.390764847403662,1,2.284848032768024,9.824193155131285,0.4021920760472616
secure-hotel.com,secure-hotel,.com,1,12,1,0,2,hotel,0,1.88904635603226,0.3160155763029095,0.6693845056526838,-1.6024460550874156,0.0965945725193652,1.7794138334342315,2.458490170777804,11.687152607817987,0.4306850095315854,1,2.5203168947191164,12.432535844346084,0.2514282862345378
simplehotelexperts.com,simplehotelexperts,.com,1,18,0,0,1,hotel,0,2.439223740620033,0.5319259644457113,0.6693845056526838,-1.6024460550874156,0.7147902441787771,1.8373073280347696,2.1168285880263573,8.304757870931587,0.3732685540501897,1,2.185418297240408,8.894368265045012,0.3272503614425659
experthotelnow.io,experthotelnow,.io,0,14,0,0,1,hotel,0,1.758518840555149,0.1879450854856427,0.6693845056526838,-1.6024460550874156,0.2002440011629365,1.7703025688563934,1.889237673370618,6.614324482935374,0.3368119932409261,1,1.9696637554239231,7.168265792585005,0.2597322066624959
directhotelteam.com,directhotelteam,.com,1,15,0,0,1,hotel,0,1.837791119981411,0.1903448501882909,0.6693845056526838,-1.6024460550874156,-0.3429530284941013,1.6860586899882612,1.2989488267358913,3.6654416275766457,0.2514797437726346,1,1.4543857415234498,4.28185249344693,0.4710878928502401
hotellive.com,hotellive,.com,1,9,0,0,1,hotel,0,2.063237395957732,0.0317438707019287,0.6693845056526838,-1.6024460550874156,0.1372807364440981,1.6877125407243434,1.7579493328968112,5.800530233233095,0.3166012387444174,1,1.6089055843510132,4.997339067891844,0.2211602528889974
freehotellive.com,freehotellive,.com,1,13,0,0,1,hotel,0,1.7839938851552348,0.3307503352477747,0.6693845056526838,-1.6024460550874156,0.2073868018555354,1.7427708767595158,1.391991245849555,4.022852571345333,0.263936834222286,1,1.4419706079680754,4.229021354295209,0.3456425666809082
hotelteam2.com,hotelteam2,.com,1,10,0,1,1,hotel,0,1.6181334028203889,0.1272630816862335,0.6693845056526838,-1.6024460550874156,0.2566718814411633,1.8045524670223645,2.09765012307504,8.147002947149554,0.3701333197749415,1,1.9976121915867608,7.371433496683809,0.2849825223286947
primehotel.com,primehotel,.com,1,10,0,0,1,hotel,0,3.391112813798601,0.4526299076483281,0.6693845056526838,-1.6024460550874156,-0.315479400194786,1.849157067944068,1.3013013747349933,3.674074906062714,0.2517898573472527,1,1.3920762563291982,4.023194570508507,0.2583357691764831
hotelonline.io,hotelonline,.io,0,11,0,0,1,hotel,0,4.799443722374931,0.1662553394597908,0.6693845056526838,-1.6024460550874156,0.6667580792373964,1.6961620452835209,1.870546406471704,6.491842615179041,0.3338957179386911,1,1.9333901120635464,6.912906088227084,0.1303292314211527
fasthotel101.com,fasthotel101,.com,1,12,0,1,1,hotel,0,2.415000058754892,0.1398464130591769,0.6693845056526838,-1.6024460550874156,-1.1716427087706576,1.5974088218011817,0.2745035735928228,1.3158772764702866,0.1408984762956484,1,0.248332609861761,1.2818862292963005,0.3135005633036296
prohotelpro.com,prohotelpro,.com,1,11,0,0,1,hotel,0,2.815018917193931,0.2100838907294261,0.6693845056526838,-1.6024460550874156,0.0807302738229249,1.6167450811676625,1.7924392227257002,6.004079907494468,0.3218478959126621,1,1.6716553100470182,5.320968363730902,0.3737006584803263
hotelteam24.com,hotelteam24,.com,1,11,0,1,1,hotel,0,8.90827507175683,0.1574451975436805,0.6693845056526838,-1.6024460550874156,0.5999575250954449,1.723718793741644,2.487479274911399,12.030911245956174,0.435667443821091,1,2.331562183853913,10.294010115129735,0.2255749702453613
globalhotelnow.com,globalhotelnow,.com,1,14,0,0,1,hotel,0,1.8713792683340564,0.2708439020891906,0.6693845056526838,-1.6024460550874156,-0.0471799482327177,1.827460348015447,1.626927183507145,5.088215519368316,0.297098930818516,1,1.7030885071334896,5.490879851847112,0.2666978041330973
hotellocal.com,hotellocal,.com,1,10,0,0,1,hotel,0,3.4778732940952835,0.0,0.6693845056526838,-1.6024460550874156,0.5762152226934097,1.7058230673381165,2.215346185100175,9.164581203973729,0.3895372760460787,1,2.163781950548896,8.70399356283131,0.1299858093261718
hotelhelp.net,hotelhelp,.net,0,9,0,0,1,hotel,0,1.9802626337200244,0.3325943849849948,0.6693845056526838,-1.6024460550874156,0.3527499141092196,1.6995770652457918,0.9448316993227612,2.5723804087898774,0.2077374510147415,1,0.9667350533456572,2.629345756209199,0.2006431420644124
quick-hotel-portal.co,quick-hotel-portal,.co,0,18,1,0,3,hotel,0,8.280260641649315,0.2978137631465973,0.6693845056526838,-1.6024460550874156,-0.6535457430723461,1.820529172484451,0.2807056557780103,1.324063816038367,0.14142481252325,1,0.2377813554470481,1.268431826794011,0.3111692269643148
tophotelcentral.com,tophotelcentral,.com,1,15,0,0,1,hotel,0,4.654253543488863,0.5164959647065349,0.6693845056526838,-1.6024460550874156,0.5592670510687429,1.7413270708179258,2.167869501028292,8.739644388528532,0.3816640022080161,1,2.183041292789251,8.873251419449533,0.3033098578453064
nychotel.org,nychotel,.org,0,8,0,0,1,hotel,0,2.24704149196546,0.0654033169110942,0.6693845056526838,-1.6024460550874156,-0.2265820447267881,1.6428289195738883,1.220369064455028,3.388438054926705,0.2412677464920255,1,1.057530710170934,2.879252495170804,0.22880752881368
localhotel.com,localhotel,.com,1,10,0,0,1,hotel,0,2.47867655297255,0.279063383242439,0.6693845056526838,-1.6024460550874156,0.2418238522455029,1.7209158455315423,1.7809349719332608,5.935403260577508,0.320092766238606,1,1.623841362024375,5.0725383954527485,0.2773750821749369
onlinehotelteam.com,onlinehotelteam,.com,1,15,0,0,1,hotel,0,2.326962212471505,0.0628560619199115,0.6693845056526838,-1.6024460550874156,0.0062893275266045,1.897497119761815,1.7636143650817404,5.833483676722938,0.3174598619349793,1,1.7098217102181992,5.5279758081585815,0.3545361757278442
chicagohotel2.com,chicagohotel2,.com,1,13,0,1,1,hotel,0,3.4181961717365104,0.6095522363368516,0.6693845056526838,-1.6024460550874156,-0.2070053368388037,1.7249669494668047,0.2654288766116523,1.303990106729307,0.1401313092253317,1,0.3614402036137656,1.4353951879730071,0.3880594174067179
truehotelapp.com,truehotelapp,.com,1,12,0,0,1,hotel,0,2.0166342929303047,0.1184156826876366,0.6693845056526838,-1.6024460550874156,0.2695078704957477,1.7193057647246206,1.6758179654286072,5.343163885429606,0.3042951418588775,1,1.699124656894111,5.4691579061432645,0.2802805105845133
hotelaustin2.com,hotelaustin2,.com,1,12,0,1,1,hotel,0,3.905063699567809,0.1465080410715499,0.6693845056526838,-1.6024460550874156,0.0540204814248193,1.7494701171897058,1.8739676877386735,6.514091072119125,0.334428577158596,1,2.0833495548564303,8.031325275339043,0.4352756341298421
hotelzone.com,hotelzone,.com,1,9,0,0,1,hotel,0,5.223850300700332,0.1181692925791556,0.6693845056526838,-1.6024460550874156,0.0805194640409252,1.7435307823227102,2.157226915479489,8.647125170564793,0.3799074291520618,1,2.297360871781721,9.94789401298652,0.1739055911699931
hotelmy.org,hotelmy,.org,0,7,0,0,1,hotel,0,4.484156078939715,0.461783868568637,0.6693845056526838,-1.6024460550874156,0.043215310077989,1.7183911701871433,0.958439636822878,2.60762445615526,0.2093095566495091,1,1.103632751636186,3.015099259826847,0.160642663637797
fasthotelpro.com,fasthotelpro,.com,1,12,0,0,1,hotel,0,4.675607969120085,0.2646007062240031,0.6693845056526838,-1.6024460550874156,-0.1017851144476555,1.6959714805891308,0.9781724825419642,2.6595913483241054,0.2116047734280157,1,0.9731509285824912,2.6462695429341965,0.2929901083310445
quickhotelgroup.com,quickhotelgroup,.com,1,15,0,0,1,hotel,0,1.1241989522634583,0.3129372015574057,0.6693845056526838,-1.6024460550874156,0.0414089018408342,1.7314128168709129,1.7410058504359058,5.703076981104912,0.3140406561583103,1,1.7534176119305034,5.774303320169413,0.2947419881820678
besthotel.com,besthotel,.com,1,9,0,0,1,hotel,0,3.417300691678643,0.1799384790610809,0.6693845056526838,-1.6024460550874156,0.0390599009155298,1.7665814360671763,1.7200623227795764,5.584876518458311,0.310891153459929,1,1.77640257038125,5.908562502123468,0.2102432648340861
myhotelportal.com,myhotelportal,.com,1,13,0,0,1,hotel,0,1.605427827325176,0.2112091983054484,0.6693845056526838,-1.6024460550874156,0.6786614452792927,1.6804181606371504,1.9307634302369368,6.89477191022032,0.3433353943775225,1,2.099931444469604,8.165610095647482,0.3698942065238952
hotelelite.com,hotelelite,.com,1,10,0,0,1,hotel,0,2.636010693804072,0.1389713645082775,0.6693845056526838,-1.6024460550874156,0.1369681532956178,1.6468022988192237,1.8715882805475277,6.498609822380846,0.3340579433717241,1,1.826942205964656,6.214853831146193,0.2761781215667724
easyhotelcentral.net,easyhotelcentral,.net,0,16,0,0,1,hotel,0,7.88483403810683,0.3016000298126631,0.6693845056526838,-1.6024460550874156,-0.174872391089369,1.7386037881027523,1.1218918899125956,3.0706580584401726,0.2288747895296725,1,1.0598359419485768,2.885897495709052,0.3140930334726969
experthotelhub.org,experthotelhub,.org,0,14,0,0,1,hotel,0,0.7535298096819915,0.3208615625510438,0.6693845056526838,-1.6024460550874156,-0.0214302813206919,1.7985515312675129,0.9150454705233042,2.496888784163332,0.2043267520866599,1,0.9373726453278916,2.5532642672225214,0.3766096631685893
tophotel.com,tophotel,.com,1,8,0,0,1,hotel,0,3.497169309264016,0.0,0.6693845056526838,-1.6024460550874156,0.3929889228598463,1.837537477103204,2.6018293052878283,13.488389863168376,0.4554386751565498,1,2.4677528276185603,11.795909603652968,0.1976232727368672
easyhotel.com,easyhotel,.com,1,9,0,0,1,hotel,0,3.024039918416606,0.2197003237765261,0.6693845056526838,-1.6024460550874156,-0.0992533927495375,1.670852511862296,1.2093369864955412,3.351261983848492,0.2398569182439401,1,1.220509956710461,3.3889154932395487,0.2149600783983866
hotelapp.ai,hotelapp,.ai,0,8,0,0,1,hotel,0,2.5931512120144182,0.371327478891818,0.6693845056526838,-1.6024460550874156,-0.1452656101531722,1.828404218262789,1.1286185593068532,3.0913829867457,0.2297068884738739,1,1.1319624860852129,3.101737648063191,0.2078777551651001
hotelworld.com,hotelworld,.com,1,10,0,0,1,hotel,0,2.477961547560539,0.2154022734652251,0.6693845056526838,-1.6024460550874156,-0.2938920811264365,1.700582320407774,1.4561579151638848,4.289447407333428,0.2727550012696426,1,1.4620267942173948,4.314695672410132,0.1137613256772359
fasthotel.org,fasthotel,.org,0,9,0,0,1,hotel,0,2.7302300708957,0.6649627862471579,0.6693845056526838,-1.6024460550874156,0.2074842821920005,1.7434652811708793,0.999205778036386,2.7161237664311613,0.2140714654471221,1,1.0655697156543984,2.9024921083004074,0.2470215161641439
instant-hotel-app.com,instant-hotel-app,.com,1,17,1,0,3,hotel,0,6.825928346583432,0.3822786356853133,0.6693845056526838,-1.6024460550874156,0.4966213251694394,1.734944331839691,1.7626618064659727,5.827929587304567,0.3173153998445414,1,1.8367984843067495,6.276412029384708,0.3023910522460937
austinhotel.com,austinhotel,.com,1,11,0,0,1,hotel,0,2.5990728263718457,0.3133672059885739,0.6693845056526838,-1.6024460550874156,0.510657821902161,1.6292659357922092,1.7150228084742836,5.556802253097321,0.3101358998054461,1,1.7335368459392682,5.660639354186878,0.3565447529157003
hotelglobal.com,hotelglobal,.com,1,11,0,0,1,hotel,0,2.688791697392209,0.3496367295287199,0.6693845056526838,-1.6024460550874156,0.1532383181852503,1.7900738601813653,1.6253426329376266,5.080159368943756,0.296867350491387,1,1.53962908160066,4.6628604094698005,0.1552466551462809
hotelexpert.com,hotelexpert,.com,1,11,0,0,1,hotel,0,9.07807701200453,0.6395952001088955,0.6693845056526838,-1.6024460550874156,0.7853724464260673,1.6544909631892166,1.944752483325158,6.991901028744162,0.3455465119511006,1,1.9666727955205785,7.146857828163816,0.2851969003677368
hoteltrusted.com,hoteltrusted,.com,1,12,0,0,1,hotel,0,5.461062395230808,0.3220558466859685,0.6693845056526838,-1.6024460550874156,0.4383735052024998,1.7147354118585716,1.907550913341937,6.73657013493002,0.3396813923031335,1,1.892678857727884,6.637124800428246,0.1674397786458333
hotel-secure.com,hotel-secure,.com,1,12,1,0,2,hotel,0,3.824274342361464,0.2019191038891611,0.6693845056526838,-1.6024460550874156,0.8979780511924706,1.7832918738686687,2.4149584040168985,11.189304917734283,0.4232296801801242,1,2.2706057862171325,9.685266238093249,0.2891842524210612
hoteldirect.com,hoteldirect,.com,1,11,0,0,1,hotel,0,1.36731402884233,0.5033106402726276,0.6693845056526838,-1.6024460550874156,-0.1507861608358685,1.740670649562925,0.7466622984631164,2.1099458812515977,0.1858300788326505,1,0.6886394601609487,1.991004848247972,0.1729414860407511
freehotel.com,freehotel,.com,1,9,0,0,1,hotel,0,1.9864511489545376,0.2681446261777619,0.6693845056526838,-1.6024460550874156,-0.2440492881644348,1.873921348920997,1.5613902930221326,4.765442002438437,0.2876086320746988,1,1.6055597878417325,4.980646928105788,0.3380422790845235
austinhotel360.com,austinhotel360,.com,1,14,0,1,1,hotel,0,4.055999987358612,0.3926862148135076,0.6693845056526838,-1.6024460550874156,-0.1359806078247593,1.6808489610999322,0.4981425782103102,1.6456617421838893,0.160933301894311,1,0.5743153960922402,1.775914312770693,0.4615478714307149
globalhotel24.com,globalhotel24,.com,1,13,0,1,1,hotel,0,2.444865621016892,0.1775356785187861,0.6693845056526838,-1.6024460550874156,0.3512917488892007,1.7595196806210411,1.8421796744914056,6.31027763309817,0.3294940616394877,1,1.919390404440562,6.816801710396365,0.2897997697194417
hotelcentral.com,hotelcentral,.com,1,12,0,0,1,hotel,0,1.8454843632235465,0.0629842707872862,0.6693845056526838,-1.6024460550874156,-0.0698053005608193,1.7788030451061816,1.8980020302326317,6.672549563087632,0.3381837463689967,1,1.9063912328789203,6.728762394273976,0.1289592186609904
globalhotel.co,globalhotel,.co,0,11,0,0,1,hotel,0,4.163600879218074,0.1477062967778362,0.6693845056526838,-1.6024460550874156,0.1234917751034169,1.7231844021199894,1.9071777567837267,6.734056808565598,0.3396228059827072,1,1.9871519245362896,7.294728212049534,0.2953890959421794
finance.com,finance,.com,1,7,0,0,1,finance,1,7.488606373644863,0.0,0.5488277801003991,-1.4939450020903593,-0.6681697226228971,1.8124419019309588,0.7413901504787835,2.0988512064090417,0.1852723630232,1,0.6907940389627143,1.9952992497401372,0.0
simplefinancebot.com,simplefinancebot,.com,1,16,0,0,1,finance,0,10.237705144721362,0.1851178012949872,0.5488277801003991,-1.4939450020903593,0.391433448738703,1.7270197505630438,1.736448563370599,5.677145555502224,0.3133538554247118,1,1.7379931657086896,5.68592126354576,0.3790611028671264
financebest101.com,financebest101,.com,1,14,0,1,1,finance,0,1.1419848565221733,0.3361847002437754,0.5488277801003991,-1.4939450020903593,0.3700126953650514,1.7122561024897458,1.7684522516096963,5.861773785804584,0.3181941033459827,1,1.767860059929644,5.8583035197710345,0.456353227297465
bostonfinance24.ai,bostonfinance24,.ai,0,15,0,1,1,finance,0,4.916610615485186,0.6429733685542667,0.5488277801003991,-1.4939450020903593,0.2357727279980181,1.6589230077995576,0.6432508785708408,1.902656140429068,0.175126079097335,1,0.6836558918735249,1.981107222856884,0.459644893805186
myfinance.com,myfinance,.com,1,9,0,0,1,finance,0,3.5453499682545906,0.2533736257890743,0.5488277801003991,-1.4939450020903593,0.6052513865033919,1.5676635025497108,2.0592749005092155,7.840282763690756,0.3638928495784792,1,1.914750148010452,6.785243278661074,0.3797982136408488
myfinancepro.com,myfinancepro,.com,1,12,0,0,1,finance,0,4.405620068943512,0.3565103360975317,0.5488277801003991,-1.4939450020903593,-0.0462013484989952,1.6859052847473988,1.11733148479032,3.0566864959085898,0.2283118675153714,1,1.0759973162276024,2.932916487628264,0.5597877502441406
sf-finance1.com,sf-finance1,.com,1,11,1,1,2,finance,0,10.26987341219073,0.3026361176751579,0.5488277801003991,-1.4939450020903593,-0.2758766866507109,1.673507614805272,0.9191518832990844,2.507163121062788,0.2047944760264379,1,0.7886130513168674,2.2003425467607376,0.3842894236246745
financeeasy.com,financeeasy,.com,1,11,0,0,1,finance,0,7.442836511203707,0.1777244308759261,0.5488277801003991,-1.4939450020903593,-0.6750385022019948,1.5789120220333186,0.6479559961830854,1.9116294550413944,0.1756023691066768,1,0.6029884913712306,1.8275723315594268,0.3442527850468954
instantfinancelive.com,instantfinancelive,.com,1,18,0,0,1,finance,0,8.635762196601354,0.5591544972806796,0.5488277801003991,-1.4939450020903593,0.2141254671509321,1.7619849565857728,1.3395349072573624,3.817267708935199,0.256865287104801,1,1.472288467166019,4.359199620223319,0.3885494669278463
financesite.org,financesite,.org,0,11,0,0,1,finance,0,2.443107010301478,0.1231997396850229,0.5488277801003991,-1.4939450020903593,0.306351518695785,1.6172493888623258,1.519073778182436,4.56799226103218,0.2815778560942367,1,1.605394687175519,4.979824687857858,0.4164618253707886
expertfinance.com,expertfinance,.com,1,13,0,0,1,finance,0,3.4330014861379943,0.3144473436740362,0.5488277801003991,-1.4939450020903593,-0.2700983904704295,1.6175313799530198,1.3405624565746772,3.821192155699515,0.2570026121085303,1,1.5113690172890877,4.5329322109894745,0.4620426893234253
freefinance.io,freefinance,.io,0,11,0,0,1,finance,0,1.202642503699047,0.1337848818590745,0.5488277801003991,-1.4939450020903593,0.4887216263691454,1.6358131823746649,1.36011888926638,3.8966565448953103,0.2596253373243359,1,1.3028848476202404,3.679897312649724,0.3756054242451986
quickfinance1.com,quickfinance1,.com,1,13,0,1,1,finance,0,3.0198140627109886,0.0920408615946829,0.5488277801003991,-1.4939450020903593,0.0099498922991015,1.9109124094933512,2.025022672775593,7.576282718047443,0.3583611961302348,1,1.9163818680522724,6.796323933912591,0.4038999478022257
freefinancezone.com,freefinancezone,.com,1,15,0,0,1,finance,0,1.2300883509933185,0.0555274990492144,0.5488277801003991,-1.4939450020903593,-0.5291255010891275,1.5513662621949174,1.138718535375452,3.1227640883545367,0.2309602527791993,1,1.0665385453383107,2.905305491436737,0.4150146245956421
topfinancepro.com,topfinancepro,.com,1,13,0,0,1,finance,0,1.3473156804394897,0.2568331401719301,0.5488277801003991,-1.4939450020903593,0.6192680631902185,1.6713803652847563,2.044378811487064,7.724358764347915,0.3614826431279301,1,2.0700958584713027,7.925582815690064,0.3319416443506877
instantfinanceworld.com,instantfinanceworld,.com,1,19,0,0,1,finance,0,2.8649593498970427,0.1858299733014673,0.5488277801003991,-1.4939450020903593,0.0698275642536109,1.5834968684512176,1.4555731387458632,4.286939772917472,0.2726738115664334,1,1.5677476886499744,4.795834308182872,0.4398312171300252
finance-app.com,finance-app,.com,1,11,1,0,2,finance,0,5.041601647933833,0.3006102314908848,0.5488277801003991,-1.4939450020903593,-0.0227851885643564,1.5361755400835233,0.9060644520983492,2.474564577098427,0.2033065747650699,1,1.0472436322936929,2.849785226430414,0.3751540184020996
elitefinancegroup101.org,elitefinancegroup101,.org,0,20,0,1,1,finance,0,10.068116585035582,0.3932156403303163,0.5488277801003991,-1.4939450020903593,0.953032040703506,1.5792053988833212,1.7936140443490816,6.011137775454473,0.322027415303955,1,2.0258493746295088,7.58254863468183,0.4648926854133606
financelive.com,financelive,.com,1,11,0,0,1,finance,0,2.8254475749707866,0.1146451284569397,0.5488277801003991,-1.4939450020903593,0.2168820913568486,1.698917886831851,2.24385547577587,9.42961695298056,0.3942932187870048,1,2.225968133383561,9.262445747485945,0.3506980339686076
simplefinance.com,simplefinance,.com,1,13,0,0,1,finance,0,3.739122119475616,0.2662517759954868,0.5488277801003991,-1.4939450020903593,0.3806087427429579,1.5587015176056933,1.719794843689198,5.583382880534638,0.3108510419797316,1,1.6793271901489617,5.361947186357408,0.3280870119730631
easyfinancenetwork.com,easyfinancenetwork,.com,1,18,0,0,1,finance,0,8.185757821422419,0.1820867035013586,0.5488277801003991,-1.4939450020903593,-0.0599047353626273,1.7864222360430737,1.937631392560759,6.94228792626197,0.3444201065557147,1,1.9681555186319,7.157462499391685,0.3313964605331421
directfinance.com,directfinance,.com,1,13,0,0,1,finance,0,6.391085387432166,0.1272095573470092,0.5488277801003991,-1.4939450020903593,-0.1987711175050835,1.5904227603068597,1.3915866541669162,4.021225287869362,0.2638818166982644,1,1.4078051892260914,4.086975415313772,0.5071137348810832
primefinance.com,primefinance,.com,1,12,0,0,1,finance,0,0.9569212881538128,0.1202696937349778,0.5488277801003991,-1.4939450020903593,0.1659148090292722,1.4859956440684048,1.7186867605097849,5.57719945438844,0.3106849027857679,1,1.728472895402973,5.632046613706911,0.3957529862721761
freefinanceportal.io,freefinanceportal,.io,0,17,0,0,1,finance,0,2.081960478295233,0.6487106718639223,0.5488277801003991,-1.4939450020903593,-0.1043457027430453,1.8297387870120685,0.5627621351938288,1.7555147788574177,0.1671354440176471,1,0.680884538190045,1.9756244748834888,0.2955399950345357
financesolutions.com,financesolutions,.com,1,16,0,0,1,finance,0,5.820621458701928,0.3284870123707082,0.5488277801003991,-1.4939450020903593,-0.1342894892766979,1.6636399076239743,1.1640865975543002,3.2029959223506705,0.234129380327093,1,1.223328380672095,3.3984803664720444,0.4738197724024455
financelive24.com,financelive24,.com,1,13,0,1,1,finance,0,5.119225911320386,0.4877301423357351,0.5488277801003991,-1.4939450020903593,0.0319554098708839,1.7865762834815422,1.3304579389733284,3.782775271214037,0.2556542987592659,1,1.3822823367293944,3.9839840521079775,0.3656137983004252
bestfinanceai.io,bestfinanceai,.io,0,13,0,0,1,finance,0,2.4236819242594385,0.4412928151093038,0.5488277801003991,-1.4939450020903593,0.0245309663229983,1.6690500703469449,0.9420892985800832,2.5653355751400877,0.2074216822581483,1,0.90367316055248,2.468654241230012,0.362244447072347
easyfinanceai.com,easyfinanceai,.com,1,13,0,0,1,finance,0,4.453208006256657,0.0572325620531425,0.5488277801003991,-1.4939450020903593,-0.1967719936770923,1.4837552770345708,1.3296314599695445,3.779650178466004,0.2555442218445347,1,1.1753423615386036,3.2392517492337616,0.3587949275970459
expertfinancebot.ai,expertfinancebot,.ai,0,16,0,0,1,finance,0,5.086428838686422,0.208033737638964,0.5488277801003991,-1.4939450020903593,-0.2429618575598731,1.5917578529700036,0.9549922141477216,2.598650350133008,0.2089104551467508,1,0.997415602872997,2.711265778745632,0.3987154364585876
topfinanceapp.com,topfinanceapp,.com,1,13,0,0,1,finance,0,6.656527032958177,0.1381285184137388,0.5488277801003991,-1.4939450020903593,0.0354297047422131,1.649540714416082,1.2830071137916743,3.6074715085312823,0.2493849930883883,1,1.343096809054113,3.8308886855359097,0.3490350643793742
bestfinance101.com,bestfinance101,.com,1,14,0,1,1,finance,0,4.037718534779874,0.5699445374382277,0.5488277801003991,-1.4939450020903593,0.001879632592601,1.6938397751113925,0.7681777764114882,2.155834260345209,0.1881195314833396,1,0.7182677066628295,2.050877410415149,0.5786502361297607
online-finance-bot101.net,online-finance-bot101,.net,0,21,1,1,3,finance,0,1.3047644101877645,0.6364459423466721,0.5488277801003991,-1.4939450020903593,0.325890567936827,1.5439744318829085,0.2162589831309169,1.2414238452059392,0.1360351576480406,1,-0.0021504420507283,0.9978518684932514,0.4153639078140259
financechicago24.com,financechicago24,.com,1,16,0,1,1,finance,0,3.555645383299013,0.4426976182712068,0.5488277801003991,-1.4939450020903593,-0.2735265621458801,1.6298756300734214,1.0049009115219083,2.731636585703185,0.2147429538820888,1,0.8759318289998733,2.4011116773347125,0.5255059401194255
financeworld360.com,financeworld360,.com,1,15,0,1,1,finance,0,5.185978059621464,0.4653673052398547,0.5488277801003991,-1.4939450020903593,-0.2234443465343386,1.6120016925405531,0.895985077831096,2.4497477935045677,0.2021661561562516,1,0.728652925561946,2.0722872015160503,0.3505146503448486
financeapp.org,financeapp,.org,0,10,0,0,1,finance,0,3.678552244217893,0.3193941056662145,0.5488277801003991,-1.4939450020903593,0.3713803198556021,1.7362228650225435,1.8510386053140997,6.3664282963143926,0.3308655357756185,1,1.9991673314772556,7.382906025345959,0.4392650723457336
finance-prime.com,finance-prime,.com,1,13,1,0,2,finance,0,1.1001818245620518,0.3053195569954355,0.5488277801003991,-1.4939450020903593,-0.1492143852038911,1.7856982661566196,1.631297736489395,5.110502502624734,0.297738222504584,1,1.6693698032513935,5.308821140944031,0.316957434018453
directfinanceassist.com,directfinanceassist,.com,1,19,0,0,1,finance,0,2.1480355184645337,0.4660857390340998,0.5488277801003991,-1.4939450020903593,0.5512320447576735,1.6883898549694838,2.23022971339549,9.302002628685894,0.3920175992406118,1,2.298016619423829,9.954419460319,0.5270240704218547
simplefinanceguide24.com,simplefinanceguide24,.com,1,20,0,1,1,finance,0,3.7138165171692448,0.2063668646083586,0.5488277801003991,-1.4939450020903593,0.2655803268915191,1.5498843636039186,1.8925077546132587,6.635989264852346,0.337323489973277,1,1.9109963280943356,6.759820443531464,0.5067940553029379
financesolutions101.com,financesolutions101,.com,1,19,0,1,1,finance,0,2.300414486463501,0.6276512197963967,0.5488277801003991,-1.4939450020903593,0.5857343946011574,1.7030564080427126,1.5321266446989033,4.62800849408846,0.2834298805431591,1,1.4182438334212848,4.1298613435592655,0.5978857477506002
modernfinancesite.com,modernfinancesite,.com,1,17,0,0,1,finance,0,1.908008546537589,0.2041420906915369,0.5488277801003991,-1.4939450020903593,-0.2567401070840718,1.5464516896060103,1.077987240443363,2.93875857990245,0.2234958863978242,1,1.0383580703001674,2.824575450511964,0.4849862058957418
simplefinancehub360.com,simplefinancehub360,.com,1,19,0,1,1,finance,0,1.8486877225233544,0.4453746610574238,0.5488277801003991,-1.4939450020903593,0.2248279572175623,1.6837597310553094,1.8777732219110557,6.538927897014931,0.3350217797639574,1,1.98756280838596,7.297726113912147,0.3948177893956502
expertfinanceai.com,expertfinanceai,.com,1,15,0,0,1,finance,0,16.10982346297258,0.1715695207056736,0.5488277801003991,-1.4939450020903593,-0.4821517330226333,1.5919064385891435,1.1727204364055992,3.2307697980399146,0.2352148317242183,1,1.24671706796606,3.478903187026243,0.4676497975985209
financeelite.org,financeelite,.org,0,12,0,0,1,finance,0,4.463756787592393,0.2436896952754155,0.5488277801003991,-1.4939450020903593,0.595047218639978,1.6720609811036402,1.9176133656137744,6.804698745986276,0.3412630629972075,1,1.8444895799465328,6.324870625554061,0.3967538475990295
finance-simple.com,finance-simple,.com,1,14,1,0,2,finance,0,9.60688838607761,0.2090055232459995,0.5488277801003991,-1.4939450020903593,-0.4496786559761309,1.5224389130391311,0.6239515657799278,1.8662882508815373,0.1731830924948584,1,0.7012747989798809,2.0163214743505136,0.4200971126556396
smartfinanceai.com,smartfinanceai,.com,1,14,0,0,1,finance,0,5.950841688327167,0.2496310991358806,0.5488277801003991,-1.4939450020903593,0.4416884905987275,1.525789173717369,1.6320554759227877,5.114376399412246,0.2978491395101608,1,1.5936761242991426,4.921808893919756,0.4293583830197652
financemarket.com,financemarket,.com,1,13,0,0,1,finance,0,2.1462404734087506,0.0255667078247253,0.5488277801003991,-1.4939450020903593,-0.0403932683699249,1.6831944055666452,1.5409479417698924,4.669014127393294,0.2846856635593476,1,1.481873941294383,4.4011855213115085,0.288759171962738
easycryptocentral.com,easycryptocentral,.com,1,17,0,0,1,crypto,0,6.350086503008086,0.3679845202086919,0.7356127867582534,-1.662051508082428,-0.2172568113108947,1.8148282987594275,0.9799270857655966,2.664261972225035,0.2118097481070517,1,0.928141437645474,2.529803008981756,0.355134904384613
cryptoseattle.com,cryptoseattle,.com,1,13,0,0,1,crypto,0,4.373257031093196,0.4979568999317247,0.7356127867582534,-1.662051508082428,0.1021580091407107,1.631298446768455,1.1997598412587835,3.319319663373926,0.2386367398325911,1,1.1081136384240031,3.028639892629356,0.5044106642405193
freecrypto.com,freecrypto,.com,1,10,0,0,1,crypto,0,3.907693500298004,0.1832400836510795,0.7356127867582534,-1.662051508082428,-0.0780744341267477,1.9213695817378524,1.4426523041266217,4.231905244763687,0.2708837569417769,1,1.440829853691015,4.224199830707205,0.5961779753367107
bestcrypto.com,bestcrypto,.com,1,10,0,0,1,crypto,0,2.558195848959209,0.3932168520174176,0.7356127867582534,-1.662051508082428,0.0350897704658058,1.8236863416788516,1.1687907293154327,3.2180987321527668,0.2347203549526322,1,1.1044427166888648,3.0175423741427068,0.3547835350036621
cryptoapp.com,cryptoapp,.com,1,9,0,0,1,crypto,0,2.7579750306916035,0.3174884640549005,0.7356127867582534,-1.662051508082428,0.7368064833403463,1.772161499287127,2.4099252857443902,11.1331293105217,0.4223698824453661,1,2.37444637062293,10.745062756661529,0.3376909097035726
topcrypto.com,topcrypto,.com,1,9,0,0,1,crypto,0,3.793466568730708,0.0,0.7356127867582534,-1.662051508082428,-0.4234342689702691,1.6428459988737032,1.9891683395568744,7.3094522514856255,0.3526109364696905,1,2.098581180648968,8.154591808233393,0.2764002482096354
procrypto.io,procrypto,.io,0,9,0,0,1,crypto,0,2.491165883011252,0.6373705756634725,0.7356127867582534,-1.662051508082428,0.2640664949197449,1.7537676483050817,0.6659561262325052,1.946350588821094,0.17743389814957,1,0.662763781305381,1.940147073541102,0.3619821866353353
crypto-my360.com,crypto-my360,.com,1,12,1,1,2,crypto,0,1.9410627234218767,0.1447573455280537,0.7356127867582534,-1.662051508082428,0.0007511987442896,1.7564677277103675,1.760530197862438,5.815519953395538,0.3169922541958758,1,1.6778792986561524,5.35418928629544,0.4425050814946493
cryptoapp360.com,cryptoapp360,.com,1,12,0,1,1,crypto,0,2.550173420852909,0.139309220031543,0.7356127867582534,-1.662051508082428,0.3567701435370397,1.853647568026483,2.1777188541450694,8.826149542812493,0.3832924139705906,1,2.2380431969327264,9.374968360143251,0.4009507099787394
smartcryptoservice.com,smartcryptoservice,.com,1,18,0,0,1,crypto,0,7.910466299010234,0.5974876232260085,0.7356127867582534,-1.662051508082428,0.228494537012405,1.7142894146298138,1.5529142883084663,4.725220791947515,0.2863945121519285,1,1.61075612060688,5.006595386955341,0.3350472450256347
directcryptopro.com,directcryptopro,.com,1,15,0,0,1,crypto,0,3.735691215700117,0.5813506696642889,0.7356127867582534,-1.662051508082428,0.2917730888812921,1.8056445438395985,0.9965328874284288,2.708873558548593,0.2137568437560438,1,0.8996239967124662,2.458678466146802,0.4683146874109904
bostoncrypto101.com,bostoncrypto101,.com,1,15,0,1,1,crypto,0,6.166347736548466,0.6052783210361757,0.7356127867582534,-1.662051508082428,0.0592358916866376,1.7747313097739483,0.5925449326776713,1.8085852913552207,0.1700576776929029,1,0.6725404801425536,1.9592083334489296,0.5858675638834636
cryptoseattle101.com,cryptoseattle101,.com,1,16,0,1,1,crypto,0,2.434221346765363,0.3164806184415626,0.7356127867582534,-1.662051508082428,0.8491674851390733,1.7717490524734498,2.0557421805086427,7.812634106198828,0.3633206274018379,1,2.019833607734666,7.537070719048085,0.5652323365211487
expertcrypto.com,expertcrypto,.com,1,12,0,0,1,crypto,0,7.73386288455903,0.0,0.7356127867582534,-1.662051508082428,0.1681172664337167,1.9300734880335717,2.3578878055783368,10.568604912282575,0.4135088804302336,1,2.362680640753095,10.619380074949648,0.425670842329661
topcryptoapp.io,topcryptoapp,.io,0,12,0,0,1,crypto,0,13.18841607427504,0.4030799331243241,0.7356127867582534,-1.662051508082428,-0.0983243184727208,1.8883676725604237,1.2487148978503364,3.4858603911188744,0.2449186140662293,1,1.3148928824002364,3.724352020234428,0.3469014167785644
crypto-chicago.com,crypto-chicago,.com,1,14,1,0,2,crypto,0,2.541357754331698,0.2620452065238972,0.7356127867582534,-1.662051508082428,0.247639822826959,1.8268302370783405,1.6886754076095862,5.4123068544920825,0.3062038317450725,1,1.5016917046300036,4.489277181099967,0.5643832683563232
cryptoservice360.com,cryptoservice360,.com,1,16,0,1,1,crypto,0,8.565506683234421,0.4732023829631225,0.7356127867582534,-1.662051508082428,0.3040363449687119,1.708626784740917,1.6037576567196878,4.97167923217771,0.2937231504388533,1,1.62025976918728,5.054403124234762,0.3194855650266012
global-crypto-now.com,global-crypto-now,.com,1,17,1,0,3,crypto,0,2.4260974621073426,0.302148364165735,0.7356127867582534,-1.662051508082428,-0.0609492509955853,1.8100636525255849,1.3763843044698605,3.960555544610513,0.2618198967312691,1,1.3315680890826422,3.786977051466754,0.440270205338796
securecryptoguide.com,securecryptoguide,.com,1,17,0,0,1,crypto,0,5.993007896441345,0.0927426194444312,0.7356127867582534,-1.662051508082428,0.375382249962045,1.7742802327151368,2.485356527338942,12.005399745132294,0.4353021477407163,1,2.544646128369604,12.738719416958288,0.6841584046681722
lacrypto.com,lacrypto,.com,1,8,0,0,1,crypto,0,3.9491532401278135,0.5218105580341538,0.7356127867582534,-1.662051508082428,-0.0229206383075651,1.7339025782162611,1.0870465277266306,2.965502596088761,0.2245983546487617,1,1.0832201400307977,2.9541771151019307,0.3831422328948974
localcryptobot.io,localcryptobot,.io,0,14,0,0,1,crypto,0,2.264504586602381,0.4723178238502085,0.7356127867582534,-1.662051508082428,0.2463583247384901,1.7824000515610898,0.3732736025831722,1.4524816882144305,0.149477056110823,1,0.2767607758668419,1.318850832347096,0.4708786805470785
cryptomiami.com,cryptomiami,.com,1,11,0,0,1,crypto,0,6.776155587655176,0.4717119680170466,0.7356127867582534,-1.662051508082428,0.1734245341990632,1.580444227844256,2.053230616729314,7.793036797603344,0.3629140449521898,1,2.0020456055939646,7.40418666372858,0.449281632900238
moderncryptoapp.com,moderncryptoapp,.com,1,15,0,0,1,crypto,0,7.785807685104717,0.5646945423512509,0.7356127867582534,-1.662051508082428,-0.208811174217924,1.9028844526331696,0.9523866014213576,2.591888087454051,0.208609180150846,1,0.9395905306558936,2.5589333989975205,0.5894456307093303
austincrypto.com,austincrypto,.com,1,12,0,0,1,crypto,0,2.0149344344554483,0.0851940925333931,0.7356127867582534,-1.662051508082428,-0.3757112606459433,1.8053450444702408,1.4544809334915343,4.282260110813471,0.2725222114759875,1,1.428226923344242,4.17129660255317,0.5119335651397705
easycryptobot.com,easycryptobot,.com,1,13,0,0,1,crypto,0,4.4054804991291086,0.2308707953029551,0.7356127867582534,-1.662051508082428,0.6927502419255122,1.7769633837704029,2.327810754996084,10.25546521295445,0.4084123639483099,1,2.374425711930613,10.744840780008994,0.3935027122497558
crypto-prime.com,crypto-prime,.com,1,12,1,0,2,crypto,0,2.298661014289259,0.1593529406871949,0.7356127867582534,-1.662051508082428,-0.1576621028093038,1.8224741744847448,1.670997529458347,5.317469484901751,0.303581274865681,1,1.6231524635664407,5.0690451349633445,0.5269055565198263
topcryptoai2.org,topcryptoai2,.org,0,12,0,1,1,crypto,0,4.057934393174854,0.296219200760899,0.7356127867582534,-1.662051508082428,0.730231396142973,1.7262357111365625,1.7414954687769646,5.705869995895168,0.3141144920708254,1,1.6140964923253711,5.023347239722917,0.4219804207483927
chicago-crypto.com,chicago-crypto,.com,1,14,1,0,2,crypto,0,3.2875620187874675,0.3084900940616683,0.7356127867582534,-1.662051508082428,0.0613851435889814,1.6129629974257027,1.1283998744808814,3.0907070221095303,0.229679803479318,1,0.9806861417566812,2.6662850639596862,0.4288184642791748
bostoncrypto.com,bostoncrypto,.com,1,12,0,0,1,crypto,0,6.77362208686878,0.1974148869189191,0.7356127867582534,-1.662051508082428,0.2457967496430524,1.7334392644344754,1.9247823922625529,6.853657094802718,0.3423920910080392,1,2.0195079169380628,7.534616364183634,0.3652707735697428
cryptotop.ai,cryptotop,.ai,0,9,0,0,1,crypto,0,15.122133352252742,0.2438758917601462,0.7356127867582534,-1.662051508082428,0.5146513060543882,1.983101135328343,3.131222446357392,22.901958853530694,0.5478173438340789,1,3.138287610314612,23.06433788957939,0.3439746300379435
primecryptosite.net,primecryptosite,.net,0,15,0,0,1,crypto,0,4.998485136236016,0.3320917734570429,0.7356127867582534,-1.662051508082428,-0.5345616455962234,1.738010280935085,0.1147194623814403,1.1215587540117888,0.1278954281266503,1,0.3098413173556257,1.363208779394399,0.581749677658081
expert-crypto-ai.com,expert-crypto-ai,.com,1,16,1,0,3,crypto,0,4.713152059168978,0.2657466655634916,0.7356127867582534,-1.662051508082428,0.7953877546648915,1.841237509012132,2.5859626358435994,13.276062954753693,0.4526854535940039,1,2.5697482618379053,13.062535688273188,0.4061891635258993
truecryptolive1.org,truecryptolive1,.org,0,15,0,1,1,crypto,0,5.43190178197368,0.3662911918878143,0.7356127867582534,-1.662051508082428,-0.1623817893195428,1.86541023695092,1.0997678711726446,3.0034687513417806,0.226152987414176,1,1.2606175218293,3.527599184409842,0.523269772529602
cryptola360.com,cryptola360,.com,1,11,0,1,1,crypto,0,3.377875270920504,0.1884040100846122,0.7356127867582534,-1.662051508082428,-0.3340922587885672,1.7300328869987105,1.1983472235768196,3.314634043998918,0.2384571260581126,1,1.333228230285702,3.7932691895786737,0.4054544369379679
easycrypto.com,easycrypto,.com,1,10,0,0,1,crypto,0,3.723482703054796,0.1266201568053267,0.7356127867582534,-1.662051508082428,-0.7220541340252853,1.7480179941752134,0.9930387254802124,2.6994248329399446,0.2133460594855158,1,1.0258594509986745,2.7894918621902094,0.5114716291427612
primecrypto.com,primecrypto,.com,1,11,0,0,1,crypto,0,4.890480246998547,0.0474310576222377,0.7356127867582534,-1.662051508082428,0.2381199022952138,1.8796319413423703,2.317400984590534,10.149261909730408,0.4066529602690408,1,2.328296653614974,10.260449540178293,0.4246272643407186
fastcryptozone.com,fastcryptozone,.com,1,14,0,0,1,crypto,0,3.925182768849452,0.1362065798198898,0.7356127867582534,-1.662051508082428,0.208564110482128,1.7121363814352497,1.91583314943856,6.792595687437899,0.3409829803982374,1,1.9144682944673228,6.783331103291354,0.5344278613726299
expertcryptocentral.net,expertcryptocentral,.net,0,19,0,0,1,crypto,0,6.322906868203321,0.5308304477244709,0.7356127867582534,-1.662051508082428,0.5244635634479644,1.729761425307503,1.558333280667904,4.750896231991512,0.2871703857405641,1,1.5567989906545328,4.743612568403196,0.4891579349835714
chicagocrypto.com,chicagocrypto,.com,1,13,0,0,1,crypto,0,6.800716520922855,0.4758035275207421,0.7356127867582534,-1.662051508082428,-0.1555671366168595,1.7996135475756734,0.7268468238046919,2.0685478178300705,0.1837405989419546,1,0.6565546093543627,1.928137689500428,0.4328941305478414
cryptocentral.com,cryptocentral,.com,1,13,0,0,1,crypto,0,3.191687722025814,0.3796345763971445,0.7356127867582534,-1.662051508082428,0.2960479145641512,1.7945403716778348,1.832550618870372,6.249807222486001,0.3280066489599006,1,1.8700238475254745,6.488451130945354,0.2595608433087667
moderncryptoexperts.com,moderncryptoexperts,.com,1,19,0,0,1,crypto,0,10.26452978337095,0.0669548152097777,0.7356127867582534,-1.662051508082428,0.1860829585785082,1.812910122176008,2.20791731824441,9.09675101310008,0.3883013900531263,1,2.2170679962552846,9.180374474735752,0.6947590907414755
cryptoeasy.org,cryptoeasy,.org,0,10,0,0,1,crypto,0,1.7990528099760716,0.0535590871556869,0.7356127867582534,-1.662051508082428,0.688639261168551,1.7816834161545207,2.2534866729154137,9.520874205683535,0.3959044876844176,1,2.219457755294172,9.20233959283341,0.3673844536145528
cryptopro.com,cryptopro,.com,1,9,0,0,1,crypto,0,4.9043408797716905,0.0481934275481932,0.7356127867582534,-1.662051508082428,0.1890084689462351,1.734597679678347,2.597499189701321,13.430109846650952,0.4546870258816333,1,2.6104761100807194,13.605527038596264,0.4435816407203674
crypto-global.com,crypto-global,.com,1,13,1,0,2,crypto,0,2.1920894112796665,0.170959791388542,0.7356127867582534,-1.662051508082428,0.2856776553950172,1.9298068091296077,1.911630468349607,6.764108477256819,0.340322210307482,1,1.846347108270515,6.3366301703490455,0.3673277298609416
trustedcryptoai.com,trustedcryptoai,.com,1,15,0,0,1,crypto,0,2.8727172684481395,0.1774087932186306,0.7356127867582534,-1.662051508082428,-0.0828661953131393,1.7652210157913486,1.0929476341160391,2.983054078054544,0.2253185635740318,1,1.1855342177699233,3.272434547277361,0.5221372842788696
localcryptoconnect24.io,localcryptoconnect24,.io,0,20,0,1,1,crypto,0,4.0781163701403775,0.5723601206371095,0.7356127867582534,-1.662051508082428,-0.5969430568148619,1.789579478557069,-0.0670614768726856,0.9351377102276528,0.1143616353290393,1,-0.0008001683295656,0.999200151719742,0.4448139667510986
cryptosecure.com,cryptosecure,.com,1,12,0,0,1,crypto,0,7.37054401361952,0.3027704211671994,0.7356127867582534,-1.662051508082428,-0.3138332730166835,1.889224735127659,1.3706469954192435,3.937897673196173,0.2610444437784396,1,1.3003276343635548,3.670499052258141,0.3737695018450419
directtravel.com,directtravel,.com,1,12,0,0,1,travel,0,1.4071057549341173,0.5721485601971529,0.2285006915841915,-1.2056506224257724,-0.4918486605392113,1.3683216839862076,0.4536572732232758,1.5740584330455782,0.1567726549961375,1,0.3976151139743932,1.4882711049083437,0.1586344838142395
mytravelpro1.com,mytravelpro1,.com,1,12,0,1,1,travel,0,2.206414953834383,0.2352738059215506,0.2285006915841915,-1.2056506224257724,-0.430060839513266,1.3671843303210198,0.693052872650247,1.9998113930743056,0.180219216329236,1,0.4881127476856055,1.629238532491328,0.4230129718780517
travellocal.org,travellocal,.org,0,11,0,0,1,travel,0,2.244371692737121,0.2530437096462774,0.2285006915841915,-1.2056506224257724,0.4067026964949236,1.4101080940149793,1.3873217891602032,4.0041118241012335,0.2633023159676267,1,1.3403128544873903,3.820238497184058,0.2388472358385722
localtravel.com,localtravel,.com,1,11,0,0,1,travel,0,1.0685211198117486,0.3002579008896023,0.2285006915841915,-1.2056506224257724,-0.0285987422495523,1.357412619875631,0.4242041391122499,1.5283735627627273,0.1540664115457566,1,0.5276594806084228,1.6949605743788618,0.2438165744145711
travelchicago.io,travelchicago,.io,0,13,0,0,1,travel,0,2.531004370756206,0.4659448212319548,0.2285006915841915,-1.2056506224257724,-0.3460580614469363,1.3939115549749834,0.1672515563452703,1.182051580486542,0.1320533879926458,1,0.1114331150655597,1.1178789722432358,0.4602239529291789
moderntraveltoday.com,moderntraveltoday,.com,1,17,0,0,1,travel,0,4.285659876620248,0.3313601101150557,0.2285006915841915,-1.2056506224257724,0.2825413697174748,1.3501823918858638,1.651009104674042,5.212236866866658,0.3006312678888567,1,1.699551876430389,5.471494936424709,0.4579574863115946
protravelexperts.net,protravelexperts,.net,0,16,0,0,1,travel,0,2.9078718648010344,0.219140113585727,0.2285006915841915,-1.2056506224257724,0.3298432532619472,1.511843412264463,1.0079559080995428,2.739994486302353,0.215103785326667,1,0.9700408524176886,2.6380522279643346,0.3993797302246094
modern-travel2.com,modern-travel2,.com,1,14,1,1,2,travel,0,1.82034855058474,0.5250631299184175,0.2285006915841915,-1.2056506224257724,-0.321869428453145,1.428904525510594,0.6524291563063704,1.9201996332898092,0.1760561232435687,1,0.6314960695679084,1.880421717617304,0.3847607970237732
sftravel.com,sftravel,.com,1,8,0,0,1,travel,0,4.876880222508352,0.2029086117161122,0.2285006915841915,-1.2056506224257724,0.3666239202065967,1.4588898578515388,2.182361025782189,8.867217291905158,0.3840608241344612,1,2.1550491335315005,8.628314108097126,0.3736324111620585
moderntravelhub101.com,moderntravelhub101,.com,1,18,0,1,1,travel,0,4.681177443669773,0.1772866936387993,0.2285006915841915,-1.2056506224257724,-0.2874058978683677,1.247859932031389,0.8884562814719092,2.4313733965748257,0.2013174402378428,1,0.8847727827221725,2.4224339101097065,0.5151024460792542
easytravel.com,easytravel,.com,1,10,0,0,1,travel,0,3.441055383811299,0.2825387186330612,0.2285006915841915,-1.2056506224257724,-0.1329279847321845,1.3455443264946274,1.046651059600184,2.8480970217642594,0.2197122102162198,1,1.1120028925047087,3.040441978469191,0.1616413394610087
fast-travel-help.net,fast-travel-help,.net,0,16,1,0,3,travel,0,2.2520432908355152,0.6358233862076784,0.2285006915841915,-1.2056506224257724,-0.1632942390894219,1.5192980979093849,0.8105940940080161,2.249243852117464,0.1926963654877977,1,0.6400495512678438,1.8965748546652423,0.383275846640269
truetravelbot.com,truetravelbot,.com,1,13,0,0,1,travel,0,4.543516595927527,0.2430090520826387,0.2285006915841915,-1.2056506224257724,-0.0198142305425598,1.46702206843628,1.2927312746704436,3.6427222560423536,0.2506613659345656,1,1.529708383824087,4.61683028358095,0.1940453052520752
experttravelhub.com,experttravelhub,.com,1,15,0,0,1,travel,0,2.353209162504868,0.3081042561195072,0.2285006915841915,-1.2056506224257724,0.0093001871915072,1.4232094022339992,1.263713153539418,3.538536252138426,0.2468653855240423,1,1.2372852138153,3.446244935599534,0.2462327480316162
travelapp24.com,travelapp24,.com,1,11,0,1,1,travel,0,12.00546802997742,0.4957645864156871,0.2285006915841915,-1.2056506224257724,-0.1893338662179065,1.3474222391971542,0.8823180785372355,2.416494843760528,0.2006274591033157,1,0.9635218340139136,2.6209106507749813,0.1491476098696391
moderntravelhub1.com,moderntravelhub1,.com,1,16,0,1,1,travel,0,4.895505620084494,0.1625152886809321,0.2285006915841915,-1.2056506224257724,-0.0432926163291239,1.3473350890765254,1.0341910635147111,2.8128299143039186,0.2182205778697217,1,1.0934634341588012,2.984593134364097,0.36566823720932
quicktravelmarket.org,quicktravelmarket,.org,0,17,0,0,1,travel,0,2.484541468042723,0.8403680043236558,0.2285006915841915,-1.2056506224257724,-0.1304597854100412,1.2836953518174108,0.2311106375619326,1.2599986349149075,0.1372616436594629,1,0.309889412422029,1.363274344587834,0.3948541482289632
elitetravelnow.com,elitetravelnow,.com,1,14,0,0,1,travel,0,6.223042789371968,0.2061474844966504,0.2285006915841915,-1.2056506224257724,0.195126337361843,1.3588311573544924,1.913589822913435,6.777374756500168,0.3406301943986208,1,1.8541309135711876,6.386145725575791,0.3658399979273478
travelapp.com,travelapp,.com,1,9,0,0,1,travel,0,9.11896777281054,0.0,0.2285006915841915,-1.2056506224257724,-0.0309399708779257,1.5176184341857324,1.9337787304177108,6.915593092489355,0.3438114242985766,1,2.0084981082700137,7.452116665927797,0.1249345143636067
travelsmart.com,travelsmart,.com,1,11,0,0,1,travel,0,4.465664876572854,0.0,0.2285006915841915,-1.2056506224257724,-0.4267502350391219,1.3781495697074149,1.1407768456735914,3.1291983253928053,0.2312162664907394,1,1.0708485606445777,2.917854426198673,0.2498206496238708
securetravelhub.org,securetravelhub,.org,0,15,0,0,1,travel,0,6.710258075401142,0.4425462921190835,0.2285006915841915,-1.2056506224257724,-0.0469438826658048,1.4848105056402447,0.6143812142439793,1.8485124124408447,0.1722259219345645,1,0.4691515510682397,1.5986372555808477,0.3604242205619812
travelsolutions.com,travelsolutions,.com,1,15,0,0,1,travel,0,2.6581526811204523,0.5158344141939106,0.2285006915841915,-1.2056506224257724,0.083462799113328,1.4039228733790328,1.457594750319107,4.29561506605811,0.2729545540063489,1,1.3512201417276966,3.862135009079737,0.2191688617070516
traveltoday.net,traveltoday,.net,0,11,0,0,1,travel,0,3.4767332603915087,0.2634122593359965,0.2285006915841915,-1.2056506224257724,0.3998832463073456,1.3538819768211514,1.372107185613763,3.943651952914587,0.2612416616601072,1,1.5625865047609102,4.771145890951264,0.3390777111053467
trusted-travel.ai,trusted-travel,.ai,0,14,1,0,2,travel,0,4.297463600500082,0.5769437037990505,0.2285006915841915,-1.2056506224257724,0.6750953874076148,1.4506644076117428,0.960864162501467,2.6139543790388333,0.209590574937527,1,0.9133345474178748,2.4926204518861854,0.239952802658081
quicktravel101.com,quicktravel101,.com,1,14,0,1,1,travel,0,5.137557264742798,0.3679910961635121,0.2285006915841915,-1.2056506224257724,0.2230520092548963,1.4985310660514917,1.3666678935845864,3.9222595108937934,0.2605075027075794,1,1.349593408368727,3.85585745256326,0.365943710009257
travelpro1.com,travelpro1,.com,1,10,0,1,1,travel,0,5.153025646458561,0.304706046263308,0.2285006915841915,-1.2056506224257724,-0.5339662749043873,1.400238242870446,0.4269048481806781,1.5325068339728651,0.1543129610112657,1,0.3539016467870322,1.424615064120461,0.4018688201904297
travelsf.org,travelsf,.org,0,8,0,0,1,travel,0,3.163155331188605,0.2619555510110031,0.2285006915841915,-1.2056506224257724,-0.0033945317639129,1.3126045067737948,0.9389037696387684,2.557176626604115,0.2070553353686936,1,0.8649389833824351,2.374861175560066,0.4105293750762939
travelaustin.com,travelaustin,.com,1,12,0,0,1,travel,0,1.0010801722470122,0.2944028498789956,0.2285006915841915,-1.2056506224257724,-0.1258245718258963,1.2702366707874375,1.2702787975446146,3.5618454577086016,0.2477208716355928,1,1.3049097171158506,3.6873561735265135,0.5708060661951702
travelboston2.com,travelboston2,.com,1,13,0,1,1,travel,0,0.5840590274176926,0.1501817727898732,0.2285006915841915,-1.2056506224257724,0.4376004195294316,1.4699284734951488,1.7221313266930884,5.596443611885921,0.3112015196674967,1,1.6277305997053002,5.092305116740689,0.5403755108515422
onlinetravel.com,onlinetravel,.com,1,12,0,0,1,travel,0,10.469003171927971,0.0493659578967158,0.2285006915841915,-1.2056506224257724,-0.6071241174360336,1.3641771932365174,1.2810774009618344,3.6005168368956744,0.2491322197756543,1,1.3449555617974542,3.838015982278726,0.2126908302307129
protravel2.com,protravel2,.com,1,10,0,1,1,travel,0,5.59593610305446,0.236771067536822,0.2285006915841915,-1.2056506224257724,0.5143882090213009,1.3703861026871669,1.449879602353025,4.262601277109353,0.2718841174052837,1,1.462888029957028,4.31841324315146,0.2784065405527751
travelfree.net,travelfree,.net,0,10,0,0,1,travel,0,3.633699746294298,0.0814490058553953,0.2285006915841915,-1.2056506224257724,-0.206286708197655,1.4485951382091626,1.226645040652783,3.4097706830195325,0.2420728660333964,1,1.367365410093814,3.924996306025049,0.289883017539978
moderntravelnetwork.com,moderntravelnetwork,.com,1,19,0,0,1,travel,0,6.23633479743371,0.4528952275679285,0.2285006915841915,-1.2056506224257724,-0.4246795245867701,1.5005715795205627,0.7150647946513513,2.0443191389131257,0.182506875844488,1,0.757401598164234,2.132727331883317,0.3461431463559469
secure-travel-market.com,secure-travel-market,.com,1,20,1,0,3,travel,0,6.768085013600575,0.2946524694849422,0.2285006915841915,-1.2056506224257724,-0.0900930125147363,1.447760199295684,2.7912362041548278,16.301158911573104,0.4884683809856972,1,2.6044624082895704,13.52395298313745,0.4550109306971232
mytravelteam.com,mytravelteam,.com,1,12,0,0,1,travel,0,1.6689467923088182,0.0651563005027306,0.2285006915841915,-1.2056506224257724,0.0436474160606627,1.416583883768425,1.0319484484610553,2.8065288876241943,0.2179528826880225,1,1.028252330772338,2.796174773358735,0.4594430327415466
travelsite.com,travelsite,.com,1,10,0,0,1,travel,0,4.026165077647861,0.4143614308754275,0.2285006915841915,-1.2056506224257724,-0.0112096492055256,1.298184272715173,1.1643082432299,3.203705931228115,0.2341572022114987,1,1.147968298263555,3.151782917472219,0.212977131207784
freetravelsite101.com,freetravelsite101,.com,1,17,0,1,1,travel,0,4.276574986957247,0.3694131054580123,0.2285006915841915,-1.2056506224257724,0.3115911860135202,1.4265260862963338,1.1862795284828913,3.274874436927937,0.2369265109206866,1,1.1034882469877618,3.0146635954468644,0.4265477259953817
travelteam1.ai,travelteam1,.ai,0,11,0,1,1,travel,0,2.8676876805877747,0.6143024459929204,0.2285006915841915,-1.2056506224257724,-0.0816509966112376,1.4203984364939042,0.4585992010110424,1.5818565691973625,0.1572305068317625,1,0.4300230177101871,1.5372929081036757,0.6560275952021282
instanttravelai.com,instanttravelai,.com,1,15,0,0,1,travel,0,5.920685884026208,0.1372574970412116,0.2285006915841915,-1.2056506224257724,0.1474619279813526,1.490490133419217,1.365729808247369,3.918581822020564,0.2603810214759524,1,1.4210245409175484,4.141361261499743,0.2296789487202962
instanttravel.com,instanttravel,.com,1,13,0,0,1,travel,0,6.778001492311913,0.2116901080781409,0.2285006915841915,-1.2056506224257724,0.2827207009521242,1.3194073203207155,1.9636724798660945,7.125447134223102,0.3485476593536584,1,1.844333335262785,6.323882475342046,0.1867574453353881
travelassist.com,travelassist,.com,1,12,0,0,1,travel,0,3.579939397092687,0.2442215025490542,0.2285006915841915,-1.2056506224257724,-0.2358724821820644,1.5313987300110117,0.6003745873492162,1.822801470893789,0.1708326207201777,1,0.659959471284957,1.934713921343844,0.147899587949117
