domain,sld,tld,is_com,length,has_hyphen,has_digit,token_count,cluster_keyword,exact_match,age_years,true_distance,embedding_distance,S_k,slope_k,alpha_i,gamma_k,log_price_latent,price_latent,sale_prob,sold,log_price_obs,price_obs
chatmy.com,chatmy,.com,1,6,0,0,1,chat,0,4.896952744864734,0.27718820647906306,,0.75,-1.675,-0.3485817967741313,1.7709150364357946,1.1192093185705576,3.0624318377764252,0.22854354325583728,1,1.2291393499707304,3.4182863217096595
chatguide.com,chatguide,.com,1,9,0,0,1,chat,0,2.5141867321337887,0.053583158434113556,,0.75,-1.675,0.15095493457230066,1.7665993541187974,2.190792106387999,8.94229355794699,0.3854578843411606,1,2.244037482218023,9.43133336020688
chicagochat.com,chicagochat,.com,1,11,0,0,1,chat,0,2.5107013787087142,0.3331345515050982,,0.75,-1.675,0.18879069587329278,1.6375485943419117,1.2413438771330898,3.460260506505953,0.24396566640724604,1,1.3465230983187948,3.8440369302955166
chatla.com,chatla,.com,1,6,0,0,1,chat,0,1.0534092964415687,0.3988419745403538,,0.75,-1.675,0.16539508978433784,1.7743402889092355,1.679680029429923,5.36383942575576,0.304867762676744,1,1.7064242452399436,5.509226571921299
trustedchat1.com,trustedchat1,.com,1,12,0,1,1,chat,0,1.1794512648059208,0.45502943919687056,,0.75,-1.675,-0.27333939750605396,1.7236434389877797,1.260017290936358,3.5254824457309675,0.2463846988271906,1,1.3766070223335234,3.961437729315827
simplechatlive24.com,simplechatlive24,.com,1,16,0,1,1,chat,0,2.369378021350628,0.3327821216742985,,0.75,-1.675,-0.6105977331643127,1.8877943865133266,0.6942671716331682,2.002241236994879,0.1803448310508977,1,0.7281833050782249,2.071314241476929
lachat.com,lachat,.com,1,6,0,0,1,chat,0,3.7363781813742785,0.13757785502809394,,0.75,-1.675,0.31343393809594083,1.7731374606436696,2.094849229234268,8.124215983604042,0.3696763465012433,1,1.9719626951889955,7.184764160973433
chatai.com,chatai,.com,1,6,0,0,1,chat,0,3.0975486188837213,0.16676507351153874,,0.75,-1.675,0.40852317927650544,1.8086198507700855,2.2158144947784577,9.168874071166126,0.38961523303734896,1,2.1774431823469675,8.823716757638248
bestchattoday.net,bestchattoday,.net,0,13,0,0,1,chat,0,6.260583150037054,0.12708778865340367,,0.75,-1.675,0.20203693033143544,1.8175011789427817,1.6877617758561634,5.407364257291232,0.3060679822886951,1,1.6225363969227347,5.065923227090646
trustedchatmarket.com,trustedchatmarket,.com,1,17,0,0,1,chat,0,4.032757485843967,0.25874742039939497,,0.75,-1.675,0.37745076046954873,1.767457982696489,2.1280959756519207,8.398859943714065,0.37511550868864185,1,2.13668196630265,8.471282943353014
freechat.ai,freechat,.ai,0,8,0,0,1,chat,0,6.163222127875023,0.22803590061549087,,0.75,-1.675,0.19296697563141038,1.7055331266406293,1.8186701615089331,6.163656329911673,0.32586858414544934,1,1.8767719395791052,6.532383860802408
localchatassist.co,localchatassist,.co,0,15,0,0,1,chat,0,2.7579084224563077,0.25070915118205434,,0.75,-1.675,-0.18512287583485856,1.6781828392167597,0.6911709944357791,1.9960515304919946,0.1800246778960285,1,0.7336456333437292,2.0826593970781504
elitechatnow.co,elitechatnow,.co,0,12,0,0,1,chat,0,4.050166773214594,0.4953853543270763,,0.75,-1.675,-0.1721575422173788,1.8235514207308965,0.7690496336591196,2.1577146596705603,0.18821276070588072,1,0.7078279433328902,2.0295781089132556
chatnow2.co,chatnow2,.co,0,8,0,1,1,chat,0,5.961529503592342,0.3757977753288887,,0.75,-1.675,-0.31636925780693687,1.8175713269293612,0.8522302045172884,2.344870565713912,0.19727098381251987,1,0.7945443966776311,2.213432319924457
chataustin24.com,chataustin24,.com,1,12,0,1,1,chat,0,2.970126706428395,0.1449126813491217,,0.75,-1.675,-1.1390676294541977,1.845682517151772,0.5452173307253138,1.7249832334989172,0.16543284536336536,1,0.4089307579034771,1.505207493154614
my-chat.com,my-chat,.com,1,7,1,0,2,chat,0,6.0624847375033655,0.12653960088706323,,0.75,-1.675,0.2157477366851568,1.6359360115204682,1.7857373703830344,5.963975985886301,0.3208248218584288,1,1.6118692839913793,5.012171648690484
topchatteam.com,topchatteam,.com,1,11,0,0,1,chat,0,3.2495105224886744,0.3325257537062828,,0.75,-1.675,0.22894480075988227,1.8500776379990975,2.0609383344997023,7.853335409632634,0.3641624224568793,1,2.0681149155145024,7.909898228498085
chattoday.com,chattoday,.com,1,9,0,0,1,chat,0,5.436532788551684,0.16614044635674113,,0.75,-1.675,-0.048929621653762356,1.6800105888589987,1.3979020012777377,4.046701080938992,0.26474143396370453,1,1.3693478529741494,3.932785104880807
mychathelp101.net,mychathelp101,.net,0,13,0,1,1,chat,0,4.113472420227559,0.19635145803389656,,0.75,-1.675,0.4964408911128039,1.9438187072461888,1.8361217995792989,6.272166313888661,0.3285578931568212,1,1.8063443188075554,6.088150364791729
localchatteam.com,localchatteam,.com,1,13,0,0,1,chat,0,8.058572461264033,0.05628872261107276,,0.75,-1.675,-0.1184525246851867,1.7746931564207948,1.9852938274140983,7.281186483371195,0.3519920622873205,1,1.9301766469458184,6.890727360020615
my-chat-solutions.io,my-chat-solutions,.io,0,17,1,0,3,chat,0,2.0439901191697367,0.7002277986606149,,0.75,-1.675,-0.020743807910119382,1.8334551171543128,0.20171701275003043,1.2235017237285055,0.13484320573863498,1,0.2552152328221328,1.2907394004619746
chat-nyc.com,chat-nyc,.com,1,8,1,0,2,chat,0,4.044066179135894,0.0816954668756133,,0.75,-1.675,0.2038319310834631,1.7838318724854532,1.7517814336216246,5.764863255248778,0.3156678174923418,1,1.6311492445527431,5.109743690550986
chatsite24.com,chatsite24,.com,1,10,0,1,1,chat,0,2.416073925094937,0.2180438991598769,,0.75,-1.675,0.18069272069799946,1.9322199164653504,1.9346318760274615,6.921495617873827,0.34394616868063804,1,1.9009722641156162,6.692398058630374
truechathelp24.com,truechathelp24,.com,1,14,0,1,1,chat,0,5.936899303582163,0.17660816105815255,,0.75,-1.675,0.1761410792839269,1.9286283469446597,2.7129325705004734,15.073414613770577,0.4747846089800846,1,2.6188342303134746,13.719720224828485
primechatpro.com,primechatpro,.com,1,12,0,0,1,chat,0,2.7275471133769735,0.0652404755121111,,0.75,-1.675,0.25508652318087266,1.7094875511891972,2.0449106630967684,7.728468069664125,0.36156857832283307,1,2.208456567286752,9.101657750230064
chatservice.net,chatservice,.net,0,11,0,0,1,chat,0,1.3797344196519148,0.5249584458420286,,0.75,-1.675,-0.012300252791647665,1.8811403885692206,0.6205647412467097,1.8599781516784963,0.17284388221303357,1,0.7072703925932103,2.028446831538967
expertchatsolutions.com,expertchatsolutions,.com,1,19,0,0,1,chat,0,10.295547711107446,0.4644592577763617,,0.75,-1.675,-0.14312966123444507,1.8107031250292085,1.3839455508911191,3.990615784270184,0.26284414028879993,1,1.545443543928898,4.690051409579392
chat-prime.io,chat-prime,.io,0,10,1,0,2,chat,0,3.686755074999907,0.27471313931573493,,0.75,-1.675,-0.12781391570280706,1.8461754653750182,1.1554126853805988,3.1753335609096083,0.23304239786117187,1,1.0994020491446062,3.0023702172582487
modernchatapp.com,modernchatapp,.com,1,13,0,0,1,chat,0,3.874940215521039,0.11753989471513616,,0.75,-1.675,-0.1761352793555884,1.701678565075745,1.619751363264508,5.051834088862059,0.29605102664608945,1,1.6455306337351006,5.183759855130135
chatsite.com,chatsite,.com,1,8,0,0,1,chat,0,1.0499444634524702,0.14947948817574858,,0.75,-1.675,-0.9985302262598786,1.7471977480871406,0.8962493273431862,2.450395223701534,0.20219599328775237,1,0.9791778404523823,2.6622665340588654
fastchat.com,fastchat,.com,1,8,0,0,1,chat,0,14.555155598054824,0.0,,0.75,-1.675,0.18103051759708544,1.9089651965541983,2.1121719939653367,8.26617588479255,0.3725063178727228,1,2.207252075088113,9.090701474174361
chat-bot.com,chat-bot,.com,1,8,1,0,2,chat,0,3.9785936612176798,0.0,,0.75,-1.675,-0.7119871008288231,1.9761112569830348,1.606051462833091,4.983096389761299,0.29405635556069853,1,1.7236596853705868,5.605003524685537
primechatlive.com,primechatlive,.com,1,13,0,0,1,chat,0,5.213022488023941,0.06387116594279846,,0.75,-1.675,-0.39943267589565473,1.9260483647324587,1.7160707410405556,5.562628459345131,0.310292866471673,1,1.8801910187144673,6.554756823835424
expertchatsite.io,expertchatsite,.io,0,14,0,0,1,chat,0,2.3636838661496786,0.11601601014035523,,0.75,-1.675,-0.15665901668074472,1.7724270971230385,1.5794403743453436,4.852239613511095,0.2902043590115515,1,1.6747114572612452,5.337254900723637
chatai1.com,chatai1,.com,1,7,0,1,1,chat,0,3.4595474471149337,0.388384260796629,,0.75,-1.675,0.3391641930723724,1.860295511964321,1.5121364733677325,4.536412372633673,0.28059654712541904,1,1.5746544428766331,4.829072609318542
chatassist.com,chatassist,.com,1,10,0,0,1,chat,0,8.4145356341327,0.36010715297708396,,0.75,-1.675,0.32131101403799517,1.7722732334704945,1.8696747903683322,6.486186685872703,0.33376003278360294,1,1.8738622403404515,6.513404214378105
miamichat.com,miamichat,.com,1,9,0,0,1,chat,0,2.7367281205212572,0.1637503435934585,,0.75,-1.675,0.25317187660240176,1.8513367396153062,2.0559559909805922,7.8143047077739345,0.3633552489696492,1,1.9726524100661043,7.189721309016639
easychatapp.com,easychatapp,.com,1,11,0,0,1,chat,0,1.580639597188369,0.026701099005861047,,0.75,-1.675,0.6582812315776606,1.9306583613215953,2.57170461493785,13.088115634004597,0.4502138308882676,1,2.6634701068195237,14.345984924015744
sfchat.com,sfchat,.com,1,6,0,0,1,chat,0,3.816570399961775,0.34369398103227256,,0.75,-1.675,0.5301501143730409,1.7977328123706833,2.041920071804668,7.705389906231234,0.3610854816535996,1,2.1975734720089304,9.003140599891827
localchatbot.co,localchatbot,.co,0,12,0,0,1,chat,0,5.32413768953835,0.34423633677219706,,0.75,-1.675,-0.0966038716007683,1.8656738303287768,0.6129182204700533,1.8458100275585518,0.17207997161023508,1,0.7863070507695092,2.195274401462328
quickchatconnect.net,quickchatconnect,.net,0,16,0,0,1,chat,0,10.361280085681717,0.37138003280069676,,0.75,-1.675,0.012033637790277288,1.8884949470499106,1.0453069843307103,2.8442715364382622,0.21955095413939643,1,1.0527972132471348,2.8656557677630903
chat-instant.com,chat-instant,.com,1,12,1,0,2,chat,0,3.170023415172121,0.10809138877851543,,0.75,-1.675,-0.39775747853124654,1.8045881015983747,1.2481881757467934,3.4840247948680045,0.24485043449074834,1,1.2376517880720244,3.4475084718510733
quickchatworld.com,quickchatworld,.com,1,14,0,0,1,chat,0,4.832676276184654,0.06529406275671049,,0.75,-1.675,-0.23979059287495558,1.7846754273225405,1.7685495964990001,5.862344427298953,0.31820888658013885,1,1.988046330045949,7.30125557577376
chatlocal.com,chatlocal,.com,1,9,0,0,1,chat,0,1.7462392947769318,0.13472552191989906,,0.75,-1.675,-0.029962817124842344,1.8030018609274554,1.6696009627091464,5.310048467008827,0.30337463137050363,1,1.8004248508144747,6.052218208118097
modernchatcentral.net,modernchatcentral,.net,0,17,0,0,1,chat,0,2.9035157456492184,0.31245812115953814,,0.75,-1.675,-0.3311104392228364,1.8769853263104115,0.7022485219845899,2.0182857691392875,0.18117217189086848,1,0.6664764997200993,1.947363681635539
trustedchatsolutions.com,trustedchatsolutions,.com,1,20,0,0,1,chat,0,4.41029938427027,0.4572368853844434,,0.75,-1.675,-0.04217786886806376,1.7331671774086541,1.5189027276480012,4.567210970336637,0.28155363524730387,1,1.7167427217894482,5.566367694789464
topchat.com,topchat,.com,1,7,0,0,1,chat,0,2.5398144540098895,0.0,,0.75,-1.675,0.16964177286644297,1.694110768120877,2.075551885388292,7.968943188983798,0.3665343161320221,1,2.0802562330471934,8.006520186548075
instantchatzone.io,instantchatzone,.io,0,15,0,0,1,chat,0,6.3587431881948,0.43551244160365665,,0.75,-1.675,0.4496067515397986,1.7211351602819622,1.2986619469807161,3.664390237398407,0.25144194455306185,1,1.2769970451564947,3.5858553794414583
chatguide2.com,chatguide2,.com,1,10,0,1,1,chat,0,1.8913766989497833,0.403796637709778,,0.75,-1.675,0.05520732266408833,1.8234440872737245,1.4426149847315444,4.2317473155668575,0.2708785974161527,1,1.3436035666413022,3.832830509418419
primechatsite.com,primechatsite,.com,1,13,0,0,1,chat,0,4.52233571637103,0.2653258319940472,,0.75,-1.675,0.06109007098358582,1.840665036493002,1.800508601906067,6.052725109226047,0.3230820007301768,1,1.7165157529445625,5.565104446108038
globalchatexperts.com,globalchatexperts,.com,1,17,0,0,1,chat,0,5.2350768921057576,0.3773625860895799,,0.75,-1.675,-0.4376097540357597,1.720008376620152,1.1090958070034183,3.0316159888451133,0.22729775346135092,1,1.2601107333240618,3.525811890620323
nycchat.org,nycchat,.org,0,7,0,0,1,chat,0,2.4812981512304706,0.5185035193357395,,0.75,-1.675,-0.6218889815516087,1.760012832207867,0.09568546616249643,1.1004128924655976,0.12641666925282163,1,0.09176022388510885,1.0961019714971802
globalchatservice.com,globalchatservice,.com,1,17,0,0,1,chat,0,13.313720766084174,0.4204025818232961,,0.75,-1.675,-0.33823268282722413,1.8788867113182168,1.1465188123110666,3.1472177617718655,0.23193150374949467,1,1.1333484845088115,3.1060396321367225
fastchatlive.com,fastchatlive,.com,1,12,0,0,1,chat,0,2.501375750029275,0.24567307043084216,,0.75,-1.675,-0.20571806673990584,1.730161339091958,1.2648794810408608,3.5426657519906497,0.24701720975960598,1,1.3098546434956801,3.705635034906063
quickchatai.com,quickchatai,.com,1,11,0,0,1,chat,0,3.4506686072077306,0.03101299680939791,,0.75,-1.675,0.32763585231893283,1.7744018776519181,2.2377712309404205,9.372419034251037,0.3932765246163574,1,2.1559864584565855,8.636405433480183
my-chat-help.io,my-chat-help,.io,0,12,1,0,3,chat,0,3.4121517497299205,0.2044121012899605,,0.75,-1.675,0.4150402195597612,1.8774420060696468,1.5363211511324317,4.6474614747965886,0.2840265848455873,1,1.481418528555362,4.399181621693648
lawyers-today.com,lawyers-today,.com,1,13,1,0,2,lawyers,0,4.495120015695956,0.3092476871222084,,0.7103713203404822,-1.639334188306434,0.08435008868903597,1.7273702398558821,1.413405187962857,4.109926676012946,0.26685924379393733,1,1.440364695170582,4.222235365093321
lawyersservice.com,lawyersservice,.com,1,14,0,0,1,lawyers,0,5.581475212777764,0.2186079103461853,,0.7103713203404822,-1.639334188306434,0.014197591833376112,1.870190260602821,2.0743366091397473,7.959264603868718,0.36633681870056123,1,2.210177662060026,9.117336053865188
fastlawyers.com,fastlawyers,.com,1,11,0,0,1,lawyers,0,1.3342615869383907,0.39167969568544503,,0.7103713203404822,-1.639334188306434,0.20721288903699314,1.8098226194221636,1.5760462879753958,4.83579861005115,0.28971520956457575,1,1.4574981037266743,4.295199929560661
lawyersgroup.com,lawyersgroup,.com,1,12,0,0,1,lawyers,0,1.9037806350600732,0.4881287553796856,,0.7103713203404822,-1.639334188306434,-0.5461743552560249,1.6593214649617736,0.5162396724043337,1.6757145518081216,0.16265126129802207,1,0.545655452662324,1.7257391520746517
miamilawyers360.net,miamilawyers360,.net,0,15,0,1,1,lawyers,0,3.2036307832056155,0.5111803551080889,,0.7103713203404822,-1.639334188306434,0.08901046929379859,1.6550353752279199,0.6185403599781022,1.8562166553841277,0.172641379669319,1,0.6186089467177793,1.856343971598707
lawyersmiami.com,lawyersmiami,.com,1,12,0,0,1,lawyers,0,1.5703995710311274,0.29785343131357195,,0.7103713203404822,-1.639334188306434,-0.16449390066550293,1.6167464805983132,1.0832787944703954,2.9543503957868813,0.22413937239814252,1,1.1866296666195615,3.2760212961289663
chicagolawyers.io,chicagolawyers,.io,0,14,0,0,1,lawyers,0,7.883436977536862,0.6562490005529533,,0.7103713203404822,-1.639334188306434,0.13298234518547972,1.6075338518586686,0.23767859403864566,1.2683014876500585,0.13780700045072528,1,0.24837802934160502,1.2819444532242947
smartlawyers.com,smartlawyers,.com,1,12,0,0,1,lawyers,0,4.3809346172443835,0.2935965449519089,,0.7103713203404822,-1.639334188306434,0.2885581300796197,1.723146008375928,1.8549525976792822,6.391395276471388,0.3314723894267026,1,1.8940771977226067,6.646412249479027
bostonlawyers.com,bostonlawyers,.com,1,13,0,0,1,lawyers,0,3.4621204597544994,0.30177961932838665,,0.7103713203404822,-1.639334188306434,0.32191196764664926,1.7270356687100228,2.051370458597601,7.778553991164731,0.362613041043295,1,2.0871842178645608,8.062181825703574
onlinelawyerstoday.com,onlinelawyerstoday,.com,1,18,0,0,1,lawyers,0,2.634812025514284,0.18286819672751425,,0.7103713203404822,-1.639334188306434,-0.24971601133746352,1.7263491669725175,1.4609838486840803,4.310198025638973,0.2734256049765777,1,1.6193346063972243,5.04972914096936
expertlawyersteam.com,expertlawyersteam,.com,1,17,0,0,1,lawyers,0,4.939570601816525,0.016756405687144676,,0.7103713203404822,-1.639334188306434,-0.5293042970893984,1.8687054895990325,1.78681127955146,5.97038419467903,0.32098864446700326,1,1.7035148685812769,5.493221450478591
lawyersmy.com,lawyersmy,.com,1,9,0,0,1,lawyers,0,4.725580090521395,0.48473415397723246,,0.7103713203404822,-1.639334188306434,-0.1705750780943881,1.7715065828673122,1.401051137493648,4.059464780634225,0.2651707494998409,1,1.5130954884137122,4.540764947112412
primelawyersapp.com,primelawyersapp,.com,1,15,0,0,1,lawyers,0,5.527641641034794,0.46126929033273306,,0.7103713203404822,-1.639334188306434,-0.06900158333544448,1.7923569776468495,1.237291765767019,3.4462675153039344,0.24344286822798872,1,1.326867797812909,3.769218923174549
onlinelawyersgroup.com,onlinelawyersgroup,.com,1,18,0,0,1,lawyers,0,5.695975798603384,0.06084466935702142,,0.7103713203404822,-1.639334188306434,-0.029765518663308174,1.8276925953641423,1.917188180638008,6.801806105312124,0.3411961582814924,1,1.9789915261621136,7.235442550113541
online-lawyers24.com,online-lawyers24,.com,1,16,1,1,2,lawyers,0,3.9923487327057683,0.5135923359455007,,0.7103713203404822,-1.639334188306434,0.027874941462863866,1.8291056987375611,0.619209760855555,1.857459624417851,0.1727083202733501,1,0.6492313167790188,1.9140689506960864
locallawyersportal.net,locallawyersportal,.net,0,18,0,0,1,lawyers,0,5.407123610318185,0.3527503689876327,,0.7103713203404822,-1.639334188306434,0.5601732730338702,1.7443206087901575,1.4093691619746127,4.093372334486918,0.2663068670885179,1,1.546845435220167,4.6966309626375855
lawyersassist.org,lawyersassist,.org,0,13,0,0,1,lawyers,0,7.146329994691315,0.3407888207822969,,0.7103713203404822,-1.639334188306434,0.8656431289669838,1.8158637606544306,1.968162338848121,7.157511314999993,0.3492616326616712,1,1.9589491063531905,7.091870346242756
lawyerssite.com,lawyerssite,.com,1,11,0,0,1,lawyers,0,2.940808102975123,0.0841373322577966,,0.7103713203404822,-1.639334188306434,-0.333110565652102,1.8235175306022102,1.9284121409698538,6.878579351184094,0.34296441119852067,1,1.7861293194342895,5.9663140187806345
trustedlawyersportal360.com,trustedlawyersportal360,.com,1,23,0,1,1,lawyers,0,2.913605384548899,0.4550942492484025,,0.7103713203404822,-1.639334188306434,0.6340239086551184,1.5686404655697888,1.3615188897381614,3.9021156864052178,0.2598137573794428,1,1.45325267118844,4.277003600994585
onlinelawyers.com,onlinelawyers,.com,1,13,0,0,1,lawyers,0,5.409224741647133,0.4813085358839684,,0.7103713203404822,-1.639334188306434,-0.05839326899166626,1.7802202323223857,1.2606878698078174,3.527847352610449,0.2464718680238994,1,1.268688819737528,3.5561867023184406
lawyersnow.com,lawyersnow,.com,1,10,0,0,1,lawyers,0,4.032956829393255,0.2523580480436603,,0.7103713203404822,-1.639334188306434,-0.45524561941395025,1.728911552674063,0.9080740487870408,2.4795424539656974,0.20353452016284626,1,0.9814819904078111,2.6684078679346617
global-lawyers-world.com,global-lawyers-world,.com,1,20,1,0,3,lawyers,0,3.0707264656850715,0.6079533613088451,,0.7103713203404822,-1.639334188306434,-0.07537203968989675,1.72436179472864,0.6104212996168734,1.8412069351799487,0.17183110159493709,1,0.6805345289340446,1.9749331090301805
quicklawyersapp.com,quicklawyersapp,.com,1,15,0,0,1,lawyers,0,5.338782423417499,0.5730937784343473,,0.7103713203404822,-1.639334188306434,-0.1477734739662299,1.6994533304684956,1.032098299095518,2.8069494792708185,0.21797076258498194,1,1.0808754773877989,2.9472586802467013
lawyersmarket.net,lawyersmarket,.net,0,13,0,0,1,lawyers,0,4.840448131322094,0.23998585906080988,,0.7103713203404822,-1.639334188306434,0.39136405600274776,1.7151464729527084,1.6278657882809617,5.092993584751711,0.2972361560512191,1,1.7246488433084666,5.610550501379558
lawyersaustin.com,lawyersaustin,.com,1,13,0,0,1,lawyers,0,2.211570669095191,0.16064053018367355,,0.7103713203404822,-1.639334188306434,0.1881548574653319,1.9261454457189382,2.1423945554411907,8.51981439041351,0.3774645749842352,1,2.1009847358875238,8.174215393831094
elite-lawyers.com,elite-lawyers,.com,1,13,1,0,2,lawyers,0,5.960008099486921,0.6575811422569697,,0.7103713203404822,-1.639334188306434,0.19355058516627818,1.8259993066123097,0.3625706039834766,1.437018676647397,0.14852705738321653,1,0.40735044619066885,1.5028306746746691
bostonlawyers1.com,bostonlawyers1,.com,1,14,0,1,1,lawyers,0,2.367335990583229,0.33092168838472585,,0.7103713203404822,-1.639334188306434,-0.5740825533322145,1.8876396293463107,1.1163926432986226,3.0538180984950625,0.22819610097080814,1,1.1290384750659221,3.0926813797679196
fastlawyersplus.com,fastlawyersplus,.com,1,15,0,0,1,lawyers,0,3.842842499073294,0.15432923310332666,,0.7103713203404822,-1.639334188306434,0.09188480431316373,1.7113641331862814,2.031588437559003,7.626190470297405,0.35941868791216475,1,2.2073871352433696,9.091929348643445
lawyerselite.com,lawyerselite,.com,1,12,0,0,1,lawyers,0,4.001000838144391,0.2100609774487362,,0.7103713203404822,-1.639334188306434,-0.15974111399403762,1.832743494234844,1.4759201342241632,4.3750595634692715,0.27550763019001107,1,1.4821611801806105,4.402449894518612
mylawyers.com,mylawyers,.com,1,9,0,0,1,lawyers,0,3.369303695788553,0.26014354997002587,,0.7103713203404822,-1.639334188306434,-0.1480712103590228,1.8747098047007642,1.9759052219292144,7.213146197506178,0.35049448747817763,1,2.0147786890859436,7.499067572043855
secure-lawyers.com,secure-lawyers,.com,1,14,1,0,2,lawyers,0,12.084328821986395,0.46858273337963025,,0.7103713203404822,-1.639334188306434,0.16153131623233957,1.6628236050622747,1.3391240867492242,3.815699819158004,0.2568103971650974,1,1.435481463409516,4.201667471024326
top-lawyers-team.com,top-lawyers-team,.com,1,16,1,0,3,lawyers,0,2.0060485561221437,0.6740961486160966,,0.7103713203404822,-1.639334188306434,-0.04222852995892637,1.77271754413532,0.5975502310013352,1.8176604933822373,0.17055275618841353,1,0.5684046179734182,1.7654482391008275
toplawyersapp.com,toplawyersapp,.com,1,13,0,0,1,lawyers,0,0.9283583807571619,0.5067265208052293,,0.7103713203404822,-1.639334188306434,-0.4554384185372342,1.7636708556079146,1.0709329785581616,2.9181007557786436,0.22264009195360202,1,0.9361282667647575,2.5500890159194345
easylawyers.com,easylawyers,.com,1,11,0,0,1,lawyers,0,2.3486901895069705,0.16924927259450168,,0.7103713203404822,-1.639334188306434,-0.277526042478958,1.8396187537448523,1.3201017397637118,3.743802251441955,0.2542772297118216,1,1.1919350990037563,3.29344819334006
lawyerslive.com,lawyerslive,.com,1,11,0,0,1,lawyers,0,6.737332482214285,0.10295477720545676,,0.7103713203404822,-1.639334188306434,0.33346589121796666,1.7329883529511978,1.8504928057472108,6.362954450605617,0.3307809556960658,1,1.8513834131645983,6.368623869274245
lawyersai.io,lawyersai,.io,0,9,0,0,1,lawyers,0,2.5055157679617106,0.28644222771957145,,0.7103713203404822,-1.639334188306434,-0.2756487544041335,1.793216126436951,0.865619441753329,2.376477719659795,0.1987593741547492,1,0.9079814772995738,2.4793129296563636
globallawyers.io,globallawyers,.io,0,13,0,0,1,lawyers,0,3.099609366821767,0.10510496889666542,,0.7103713203404822,-1.639334188306434,0.010736311624748186,1.8670873776632928,1.5192132274231889,4.568629308501607,0.2815976031185787,1,1.5353220937179477,4.642820712531641
lawyerscentral.com,lawyerscentral,.com,1,14,0,0,1,lawyers,0,1.2755065638976057,0.30572579103955444,,0.7103713203404822,-1.639334188306434,0.0019899943138870523,1.9555207761160105,1.6217670866972262,5.0620274592695536,0.2963451717745536,1,1.6072247480748176,4.988946414416208
freelawyers.com,freelawyers,.com,1,11,0,0,1,lawyers,0,3.415037098152756,0.17817952301572254,,0.7103713203404822,-1.639334188306434,0.34099179208025815,1.75072888873434,1.9371551814503414,6.938982718670517,0.34434484223282846,1,1.9229379121487298,6.841027311856792
lawyersconnect.com,lawyersconnect,.com,1,14,0,0,1,lawyers,0,4.824513783279428,0.4284832409733919,,0.7103713203404822,-1.639334188306434,0.33220220658619554,1.7662396990814178,1.9743338748946733,7.201820742059766,0.35024412875559746,1,2.084177261245457,8.037975606462899
securelawyers.io,securelawyers,.io,0,13,0,0,1,lawyers,0,1.7496709512003394,0.3585410920001457,,0.7103713203404822,-1.639334188306434,-0.06267057161790124,1.595369365613303,0.42079424358422957,1.523170843990823,0.15375558028710562,1,0.3338909110243953,1.3963908044229971
lawyersla360.io,lawyersla360,.io,0,12,0,1,1,lawyers,0,1.3225100679773116,0.24124397156739208,,0.7103713203404822,-1.639334188306434,-0.015925649383100284,1.7225249016385824,1.3884713144628014,4.008717298505006,0.26345843047403245,1,1.3322702192769342,3.7896369360830575
lawyers-best.com,lawyers-best,.com,1,12,1,0,2,lawyers,0,4.052720593953339,0.4988746454531961,,0.7103713203404822,-1.639334188306434,0.24886585653907703,1.6800369998347586,1.4430261670722444,4.23348769311506,0.2709354480972065,1,1.4342987104101441,4.196700873928397
simplehotel.com,simplehotel,.com,1,11,0,0,1,hotel,0,1.8608733558001553,0.21414465960468596,,0.6693845056526838,-1.6024460550874156,-0.3088961440059352,1.6590565497466077,1.1152866377715938,3.050442425899967,0.2280597748352902,1,1.0755972955170718,2.931743494917286
experthotelhub360.com,experthotelhub360,.com,1,17,0,1,1,hotel,0,5.010976849341093,0.24143912798422656,,0.6693845056526838,-1.6024460550874156,-0.016624105909202075,1.714674041869944,1.5702950213479925,4.808066466804755,0.2888874632500997,1,1.4419780812338638,4.2290529590139085
quickhotelpro.com,quickhotelpro,.com,1,13,0,0,1,hotel,0,2.8245693184588045,0.36107051410633906,,0.6693845056526838,-1.6024460550874156,-0.6678167791993528,1.7860915413048113,0.9767744317477236,2.655875702463249,0.21144155550496865,1,0.9860705692753884,2.680680202642508
hotelmodern.com,hotelmodern,.com,1,11,0,0,1,hotel,0,3.4710490503395346,0.169033812504728,,0.6693845056526838,-1.6024460550874156,-0.41720921969411495,1.692997883164789,1.052946643172708,2.8660840144868263,0.22046865826493292,1,0.9441581612149557,2.570648395910602
myhotelnow.com,myhotelnow,.com,1,10,0,0,1,hotel,0,1.194790117882434,0.04197340745046964,,0.6693845056526838,-1.6024460550874156,-0.2936389538754621,1.6973891940860326,2.124883428138809,8.371921500770949,0.37458853342061293,1,2.1154378476650373,8.293216136607668
hotelaustin.com,hotelaustin,.com,1,11,0,0,1,hotel,0,4.136950605254721,0.029470554214074202,,0.6693845056526838,-1.6024460550874156,-0.002363341804298987,1.747492109077434,2.2227166336210007,9.232377816762538,0.390764847403662,1,2.284848032768024,9.824193155131285
secure-hotel.com,secure-hotel,.com,1,12,1,0,2,hotel,0,1.8890463560322597,0.31601557630290955,,0.6693845056526838,-1.6024460550874156,0.09659457251936529,1.7794138334342315,2.458490170777804,11.687152607817989,0.43068500953158545,1,2.5203168947191164,12.432535844346084
simplehotelexperts.com,simplehotelexperts,.com,1,18,0,0,1,hotel,0,2.4392237406200326,0.5319259644457113,,0.6693845056526838,-1.6024460550874156,0.7147902441787771,1.8373073280347696,2.1168285880263573,8.304757870931587,0.3732685540501897,1,2.185418297240408,8.894368265045012
experthotelnow.io,experthotelnow,.io,0,14,0,0,1,hotel,0,1.758518840555149,0.1879450854856427,,0.6693845056526838,-1.6024460550874156,0.20024400116293659,1.7703025688563934,1.889237673370618,6.614324482935374,0.33681199324092614,1,1.9696637554239231,7.168265792585005
directhotelteam.com,directhotelteam,.com,1,15,0,0,1,hotel,0,1.837791119981411,0.19034485018829098,,0.6693845056526838,-1.6024460550874156,-0.34295302849410136,1.6860586899882612,1.2989488267358913,3.6654416275766457,0.25147974377263466,1,1.4543857415234498,4.28185249344693
hotellive.com,hotellive,.com,1,9,0,0,1,hotel,0,2.063237395957732,0.031743870701928745,,0.6693845056526838,-1.6024460550874156,0.1372807364440981,1.6877125407243434,1.7579493328968112,5.800530233233095,0.3166012387444174,1,1.6089055843510132,4.997339067891844
freehotellive.com,freehotellive,.com,1,13,0,0,1,hotel,0,1.7839938851552348,0.33075033524777475,,0.6693845056526838,-1.6024460550874156,0.20738680185553546,1.7427708767595158,1.391991245849555,4.022852571345333,0.26393683422228603,1,1.4419706079680754,4.229021354295209
hotelteam2.com,hotelteam2,.com,1,10,0,1,1,hotel,0,1.6181334028203889,0.12726308168623351,,0.6693845056526838,-1.6024460550874156,0.2566718814411633,1.8045524670223643,2.0976501230750397,8.147002947149554,0.3701333197749415,1,1.9976121915867608,7.371433496683809
primehotel.com,primehotel,.com,1,10,0,0,1,hotel,0,3.3911128137986015,0.4526299076483281,,0.6693845056526838,-1.6024460550874156,-0.315479400194786,1.8491570679440679,1.3013013747349933,3.674074906062714,0.25178985734725273,1,1.3920762563291982,4.023194570508507
hotelonline.io,hotelonline,.io,0,11,0,0,1,hotel,0,4.799443722374931,0.16625533945979082,,0.6693845056526838,-1.6024460550874156,0.6667580792373964,1.6961620452835207,1.870546406471704,6.491842615179041,0.33389571793869116,1,1.9333901120635462,6.912906088227084
fasthotel101.com,fasthotel101,.com,1,12,0,1,1,hotel,0,2.415000058754892,0.13984641305917692,,0.6693845056526838,-1.6024460550874156,-1.1716427087706576,1.5974088218011817,0.27450357359282285,1.3158772764702866,0.14089847629564847,1,0.24833260986176103,1.2818862292963005
prohotelpro.com,prohotelpro,.com,1,11,0,0,1,hotel,0,2.815018917193931,0.21008389072942615,,0.6693845056526838,-1.6024460550874156,0.08073027382292494,1.6167450811676625,1.7924392227257002,6.004079907494468,0.3218478959126621,1,1.6716553100470182,5.320968363730902
hotelteam24.com,hotelteam24,.com,1,11,0,1,1,hotel,0,8.90827507175683,0.1574451975436805,,0.6693845056526838,-1.6024460550874156,0.5999575250954449,1.723718793741644,2.487479274911399,12.030911245956174,0.43566744382109107,1,2.331562183853913,10.294010115129735
globalhotelnow.com,globalhotelnow,.com,1,14,0,0,1,hotel,0,1.8713792683340564,0.2708439020891906,,0.6693845056526838,-1.6024460550874156,-0.047179948232717706,1.827460348015447,1.626927183507145,5.088215519368316,0.29709893081851607,1,1.7030885071334896,5.490879851847112
hotellocal.com,hotellocal,.com,1,10,0,0,1,hotel,0,3.4778732940952835,0.0,,0.6693845056526838,-1.6024460550874156,0.5762152226934097,1.7058230673381163,2.215346185100175,9.164581203973729,0.38953727604607874,1,2.1637819505488958,8.70399356283131
hotelhelp.net,hotelhelp,.net,0,9,0,0,1,hotel,0,1.9802626337200244,0.3325943849849948,,0.6693845056526838,-1.6024460550874156,0.35274991410921963,1.6995770652457918,0.9448316993227611,2.5723804087898774,0.20773745101474153,1,0.9667350533456571,2.629345756209199
quick-hotel-portal.co,quick-hotel-portal,.co,0,18,1,0,3,hotel,0,8.280260641649315,0.29781376314659735,,0.6693845056526838,-1.6024460550874156,-0.6535457430723461,1.820529172484451,0.2807056557780103,1.3240638160383673,0.14142481252325004,1,0.23778135544704815,1.2684318267940107
tophotelcentral.com,tophotelcentral,.com,1,15,0,0,1,hotel,0,4.654253543488863,0.5164959647065349,,0.6693845056526838,-1.6024460550874156,0.5592670510687429,1.7413270708179258,2.167869501028292,8.739644388528532,0.3816640022080161,1,2.183041292789251,8.873251419449533
nychotel.org,nychotel,.org,0,8,0,0,1,hotel,0,2.24704149196546,0.06540331691109426,,0.6693845056526838,-1.6024460550874156,-0.22658204472678817,1.6428289195738883,1.220369064455028,3.388438054926705,0.24126774649202556,1,1.057530710170934,2.879252495170804
localhotel.com,localhotel,.com,1,10,0,0,1,hotel,0,2.47867655297255,0.27906338324243907,,0.6693845056526838,-1.6024460550874156,0.24182385224550293,1.7209158455315425,1.7809349719332608,5.935403260577508,0.320092766238606,1,1.623841362024375,5.0725383954527485
onlinehotelteam.com,onlinehotelteam,.com,1,15,0,0,1,hotel,0,2.326962212471505,0.06285606191991155,,0.6693845056526838,-1.6024460550874156,0.006289327526604583,1.897497119761815,1.7636143650817404,5.833483676722938,0.3174598619349793,1,1.7098217102181992,5.5279758081585815
chicagohotel2.com,chicagohotel2,.com,1,13,0,1,1,hotel,0,3.4181961717365104,0.6095522363368516,,0.6693845056526838,-1.6024460550874156,-0.20700533683880373,1.7249669494668047,0.2654288766116523,1.303990106729307,0.1401313092253317,1,0.36144020361376566,1.4353951879730071
truehotelapp.com,truehotelapp,.com,1,12,0,0,1,hotel,0,2.0166342929303047,0.11841568268763661,,0.6693845056526838,-1.6024460550874156,0.2695078704957477,1.7193057647246206,1.6758179654286072,5.343163885429606,0.3042951418588775,1,1.699124656894111,5.4691579061432645
hotelaustin2.com,hotelaustin2,.com,1,12,0,1,1,hotel,0,3.905063699567809,0.14650804107154994,,0.6693845056526838,-1.6024460550874156,0.05402048142481934,1.7494701171897058,1.8739676877386737,6.514091072119125,0.33442857715859603,1,2.0833495548564303,8.031325275339043
hotelzone.com,hotelzone,.com,1,9,0,0,1,hotel,0,5.223850300700332,0.11816929257915564,,0.6693845056526838,-1.6024460550874156,0.08051946404092529,1.7435307823227102,2.157226915479489,8.647125170564793,0.3799074291520618,1,2.297360871781721,9.94789401298652
hotelmy.org,hotelmy,.org,0,7,0,0,1,hotel,0,4.484156078939715,0.46178386856863707,,0.6693845056526838,-1.6024460550874156,0.04321531007798901,1.7183911701871433,0.9584396368228781,2.6076244561552597,0.2093095566495091,1,1.103632751636186,3.015099259826847
fasthotelpro.com,fasthotelpro,.com,1,12,0,0,1,hotel,0,4.675607969120085,0.2646007062240031,,0.6693845056526838,-1.6024460550874156,-0.10178511444765553,1.6959714805891308,0.9781724825419642,2.6595913483241054,0.21160477342801579,1,0.9731509285824913,2.6462695429341965
quickhotelgroup.com,quickhotelgroup,.com,1,15,0,0,1,hotel,0,1.1241989522634583,0.3129372015574057,,0.6693845056526838,-1.6024460550874156,0.041408901840834296,1.7314128168709129,1.7410058504359058,5.703076981104912,0.3140406561583103,1,1.7534176119305034,5.774303320169413
besthotel.com,besthotel,.com,1,9,0,0,1,hotel,0,3.417300691678643,0.17993847906108096,,0.6693845056526838,-1.6024460550874156,0.039059900915529806,1.7665814360671763,1.7200623227795764,5.5848765184583105,0.31089115345992907,1,1.77640257038125,5.908562502123468
myhotelportal.com,myhotelportal,.com,1,13,0,0,1,hotel,0,1.605427827325176,0.21120919830544843,,0.6693845056526838,-1.6024460550874156,0.6786614452792927,1.6804181606371504,1.9307634302369372,6.89477191022032,0.34333539437752253,1,2.099931444469604,8.165610095647482
hotelelite.com,hotelelite,.com,1,10,0,0,1,hotel,0,2.636010693804072,0.13897136450827757,,0.6693845056526838,-1.6024460550874156,0.13696815329561782,1.6468022988192235,1.8715882805475275,6.498609822380846,0.3340579433717241,1,1.8269422059646558,6.214853831146193
easyhotelcentral.net,easyhotelcentral,.net,0,16,0,0,1,hotel,0,7.88483403810683,0.30160002981266315,,0.6693845056526838,-1.6024460550874156,-0.17487239108936903,1.7386037881027523,1.1218918899125956,3.0706580584401726,0.22887478952967252,1,1.0598359419485768,2.885897495709052
experthotelhub.org,experthotelhub,.org,0,14,0,0,1,hotel,0,0.7535298096819915,0.32086156255104387,,0.6693845056526838,-1.6024460550874156,-0.02143028132069197,1.7985515312675127,0.9150454705233042,2.4968887841633314,0.20432675208665999,1,0.9373726453278916,2.5532642672225214
tophotel.com,tophotel,.com,1,8,0,0,1,hotel,0,3.497169309264016,0.0,,0.6693845056526838,-1.6024460550874156,0.3929889228598463,1.8375374771032038,2.6018293052878283,13.488389863168377,0.45543867515654984,1,2.4677528276185603,11.795909603652968
easyhotel.com,easyhotel,.com,1,9,0,0,1,hotel,0,3.024039918416606,0.2197003237765261,,0.6693845056526838,-1.6024460550874156,-0.09925339274953758,1.670852511862296,1.2093369864955412,3.351261983848492,0.23985691824394012,1,1.220509956710461,3.3889154932395487
hotelapp.ai,hotelapp,.ai,0,8,0,0,1,hotel,0,2.5931512120144182,0.371327478891818,,0.6693845056526838,-1.6024460550874156,-0.1452656101531722,1.8284042182627893,1.1286185593068532,3.0913829867457,0.22970688847387397,1,1.1319624860852129,3.101737648063191
hotelworld.com,hotelworld,.com,1,10,0,0,1,hotel,0,2.477961547560539,0.2154022734652251,,0.6693845056526838,-1.6024460550874156,-0.29389208112643656,1.700582320407774,1.4561579151638848,4.289447407333428,0.2727550012696426,1,1.4620267942173948,4.314695672410132
fasthotel.org,fasthotel,.org,0,9,0,0,1,hotel,0,2.7302300708956997,0.6649627862471579,,0.6693845056526838,-1.6024460550874156,0.20748428219200052,1.7434652811708793,0.9992057780363861,2.7161237664311613,0.21407146544712213,1,1.0655697156543984,2.9024921083004074
instant-hotel-app.com,instant-hotel-app,.com,1,17,1,0,3,hotel,0,6.825928346583432,0.38227863568531334,,0.6693845056526838,-1.6024460550874156,0.4966213251694394,1.734944331839691,1.7626618064659727,5.827929587304567,0.31731539984454143,1,1.8367984843067497,6.276412029384708
austinhotel.com,austinhotel,.com,1,11,0,0,1,hotel,0,2.5990728263718457,0.3133672059885739,,0.6693845056526838,-1.6024460550874156,0.510657821902161,1.6292659357922092,1.7150228084742836,5.556802253097321,0.31013589980544615,1,1.7335368459392682,5.660639354186878
hotelglobal.com,hotelglobal,.com,1,11,0,0,1,hotel,0,2.6887916973922095,0.34963672952871994,,0.6693845056526838,-1.6024460550874156,0.15323831818525036,1.7900738601813653,1.6253426329376266,5.080159368943756,0.29686735049138707,1,1.5396290816006601,4.6628604094698005
hotelexpert.com,hotelexpert,.com,1,11,0,0,1,hotel,0,9.07807701200453,0.6395952001088955,,0.6693845056526838,-1.6024460550874156,0.7853724464260673,1.6544909631892166,1.944752483325158,6.991901028744162,0.3455465119511006,1,1.9666727955205785,7.1468578281638155
hoteltrusted.com,hoteltrusted,.com,1,12,0,0,1,hotel,0,5.461062395230808,0.32205584668596854,,0.6693845056526838,-1.6024460550874156,0.43837350520249985,1.7147354118585716,1.907550913341937,6.7365701349300195,0.3396813923031335,1,1.8926788577278837,6.637124800428246
hotel-secure.com,hotel-secure,.com,1,12,1,0,2,hotel,0,3.8242743423614636,0.20191910388916118,,0.6693845056526838,-1.6024460550874156,0.8979780511924706,1.7832918738686687,2.4149584040168985,11.189304917734283,0.42322968018012425,1,2.2706057862171325,9.685266238093249
hoteldirect.com,hoteldirect,.com,1,11,0,0,1,hotel,0,1.36731402884233,0.5033106402726276,,0.6693845056526838,-1.6024460550874156,-0.15078616083586854,1.740670649562925,0.7466622984631164,2.1099458812515977,0.18583007883265054,1,0.6886394601609487,1.9910048482479719
freehotel.com,freehotel,.com,1,9,0,0,1,hotel,0,1.9864511489545376,0.2681446261777619,,0.6693845056526838,-1.6024460550874156,-0.24404928816443489,1.873921348920997,1.5613902930221326,4.765442002438437,0.2876086320746988,1,1.6055597878417323,4.980646928105788
austinhotel360.com,austinhotel360,.com,1,14,0,1,1,hotel,0,4.055999987358612,0.39268621481350763,,0.6693845056526838,-1.6024460550874156,-0.13598060782475938,1.6808489610999322,0.49814257821031027,1.6456617421838893,0.16093330189431101,1,0.5743153960922402,1.775914312770693
globalhotel24.com,globalhotel24,.com,1,13,0,1,1,hotel,0,2.444865621016892,0.17753567851878613,,0.6693845056526838,-1.6024460550874156,0.35129174888920073,1.7595196806210411,1.8421796744914058,6.31027763309817,0.3294940616394877,1,1.919390404440562,6.816801710396365
hotelcentral.com,hotelcentral,.com,1,12,0,0,1,hotel,0,1.8454843632235465,0.06298427078728629,,0.6693845056526838,-1.6024460550874156,-0.0698053005608193,1.7788030451061816,1.8980020302326315,6.672549563087632,0.3381837463689967,1,1.9063912328789205,6.728762394273976
globalhotel.co,globalhotel,.co,0,11,0,0,1,hotel,0,4.163600879218074,0.1477062967778362,,0.6693845056526838,-1.6024460550874156,0.12349177510341695,1.7231844021199894,1.9071777567837267,6.734056808565598,0.3396228059827072,1,1.9871519245362899,7.294728212049534
finance.com,finance,.com,1,7,0,0,1,finance,1,7.488606373644863,0.0,,0.5488277801003991,-1.4939450020903593,-0.6681697226228971,1.8124419019309588,0.7413901504787835,2.0988512064090417,0.18527236302320008,1,0.6907940389627143,1.9952992497401374
simplefinancebot.com,simplefinancebot,.com,1,16,0,0,1,finance,0,10.237705144721362,0.18511780129498726,,0.5488277801003991,-1.4939450020903593,0.39143344873870306,1.7270197505630438,1.736448563370599,5.677145555502224,0.31335385542471184,1,1.7379931657086896,5.68592126354576
financebest101.com,financebest101,.com,1,14,0,1,1,finance,0,1.1419848565221733,0.33618470024377545,,0.5488277801003991,-1.4939450020903593,0.3700126953650514,1.7122561024897458,1.7684522516096963,5.861773785804584,0.31819410334598275,1,1.7678600599296441,5.8583035197710345
bostonfinance24.ai,bostonfinance24,.ai,0,15,0,1,1,finance,0,4.916610615485186,0.6429733685542667,,0.5488277801003991,-1.4939450020903593,0.2357727279980181,1.6589230077995576,0.6432508785708408,1.9026561404290676,0.175126079097335,1,0.6836558918735249,1.9811072228568842
myfinance.com,myfinance,.com,1,9,0,0,1,finance,0,3.5453499682545906,0.2533736257890743,,0.5488277801003991,-1.4939450020903593,0.6052513865033919,1.5676635025497108,2.0592749005092155,7.840282763690756,0.3638928495784792,1,1.9147501480104516,6.785243278661074
myfinancepro.com,myfinancepro,.com,1,12,0,0,1,finance,0,4.405620068943512,0.3565103360975317,,0.5488277801003991,-1.4939450020903593,-0.04620134849899528,1.6859052847473988,1.11733148479032,3.0566864959085898,0.22831186751537141,1,1.0759973162276024,2.9329164876282636
sf-finance1.com,sf-finance1,.com,1,11,1,1,2,finance,0,10.26987341219073,0.30263611767515797,,0.5488277801003991,-1.4939450020903593,-0.27587668665071097,1.6735076148052719,0.9191518832990845,2.5071631210627876,0.20479447602643797,1,0.7886130513168674,2.2003425467607376
financeeasy.com,financeeasy,.com,1,11,0,0,1,finance,0,7.442836511203707,0.17772443087592613,,0.5488277801003991,-1.4939450020903593,-0.6750385022019948,1.5789120220333186,0.6479559961830854,1.9116294550413946,0.17560236910667687,1,0.6029884913712306,1.8275723315594268
instantfinancelive.com,instantfinancelive,.com,1,18,0,0,1,finance,0,8.635762196601354,0.5591544972806796,,0.5488277801003991,-1.4939450020903593,0.21412546715093211,1.7619849565857728,1.3395349072573624,3.817267708935199,0.256865287104801,1,1.472288467166019,4.359199620223319
financesite.org,financesite,.org,0,11,0,0,1,finance,0,2.443107010301478,0.12319973968502296,,0.5488277801003991,-1.4939450020903593,0.30635151869578503,1.6172493888623258,1.519073778182436,4.56799226103218,0.28157785609423674,1,1.605394687175519,4.979824687857858
expertfinance.com,expertfinance,.com,1,13,0,0,1,finance,0,3.4330014861379943,0.3144473436740362,,0.5488277801003991,-1.4939450020903593,-0.27009839047042955,1.6175313799530198,1.3405624565746772,3.8211921556995154,0.25700261210853037,1,1.5113690172890877,4.5329322109894745
freefinance.io,freefinance,.io,0,11,0,0,1,finance,0,1.202642503699047,0.1337848818590745,,0.5488277801003991,-1.4939450020903593,0.48872162636914546,1.6358131823746647,1.36011888926638,3.8966565448953103,0.25962533732433596,1,1.3028848476202404,3.6798973126497243
quickfinance1.com,quickfinance1,.com,1,13,0,1,1,finance,0,3.0198140627109886,0.09204086159468292,,0.5488277801003991,-1.4939450020903593,0.009949892299101527,1.9109124094933512,2.025022672775593,7.576282718047443,0.3583611961302348,1,1.9163818680522724,6.796323933912591
freefinancezone.com,freefinancezone,.com,1,15,0,0,1,finance,0,1.2300883509933185,0.05552749904921449,,0.5488277801003991,-1.4939450020903593,-0.5291255010891275,1.5513662621949174,1.138718535375452,3.1227640883545367,0.2309602527791993,1,1.0665385453383107,2.905305491436737
topfinancepro.com,topfinancepro,.com,1,13,0,0,1,finance,0,1.3473156804394897,0.25683314017193015,,0.5488277801003991,-1.4939450020903593,0.6192680631902185,1.6713803652847565,2.0443788114870642,7.724358764347915,0.36148264312793016,1,2.0700958584713027,7.925582815690064
instantfinanceworld.com,instantfinanceworld,.com,1,19,0,0,1,finance,0,2.8649593498970427,0.18582997330146733,,0.5488277801003991,-1.4939450020903593,0.06982756425361093,1.5834968684512176,1.4555731387458632,4.286939772917472,0.2726738115664334,1,1.5677476886499744,4.795834308182872
finance-app.com,finance-app,.com,1,11,1,0,2,finance,0,5.041601647933833,0.30061023149088484,,0.5488277801003991,-1.4939450020903593,-0.022785188564356452,1.5361755400835233,0.9060644520983493,2.474564577098427,0.20330657476506994,1,1.0472436322936929,2.849785226430414
elitefinancegroup101.org,elitefinancegroup101,.org,0,20,0,1,1,finance,0,10.068116585035582,0.3932156403303163,,0.5488277801003991,-1.4939450020903593,0.953032040703506,1.5792053988833212,1.7936140443490816,6.011137775454473,0.322027415303955,1,2.0258493746295088,7.58254863468183
financelive.com,financelive,.com,1,11,0,0,1,finance,0,2.8254475749707866,0.11464512845693972,,0.5488277801003991,-1.4939450020903593,0.2168820913568486,1.698917886831851,2.2438554757758706,9.429616952980561,0.39429321878700485,1,2.225968133383561,9.262445747485943
simplefinance.com,simplefinance,.com,1,13,0,0,1,finance,0,3.739122119475616,0.26625177599548683,,0.5488277801003991,-1.4939450020903593,0.3806087427429579,1.5587015176056933,1.7197948436891979,5.583382880534638,0.3108510419797316,1,1.6793271901489615,5.361947186357408
easyfinancenetwork.com,easyfinancenetwork,.com,1,18,0,0,1,finance,0,8.185757821422419,0.18208670350135864,,0.5488277801003991,-1.4939450020903593,-0.05990473536262735,1.7864222360430737,1.937631392560759,6.94228792626197,0.34442010655571476,1,1.9681555186318997,7.157462499391685
directfinance.com,directfinance,.com,1,13,0,0,1,finance,0,6.391085387432166,0.12720955734700926,,0.5488277801003991,-1.4939450020903593,-0.19877111750508353,1.5904227603068595,1.3915866541669162,4.021225287869362,0.2638818166982644,1,1.4078051892260914,4.086975415313772
primefinance.com,primefinance,.com,1,12,0,0,1,finance,0,0.9569212881538128,0.12026969373497783,,0.5488277801003991,-1.4939450020903593,0.1659148090292722,1.4859956440684048,1.7186867605097849,5.57719945438844,0.31068490278576794,1,1.7284728954029733,5.632046613706911
freefinanceportal.io,freefinanceportal,.io,0,17,0,0,1,finance,0,2.0819604782952332,0.6487106718639223,,0.5488277801003991,-1.4939450020903593,-0.10434570274304532,1.8297387870120685,0.5627621351938288,1.7555147788574175,0.1671354440176471,1,0.680884538190045,1.9756244748834886
financesolutions.com,financesolutions,.com,1,16,0,0,1,finance,0,5.820621458701928,0.32848701237070826,,0.5488277801003991,-1.4939450020903593,-0.13428948927669798,1.6636399076239743,1.1640865975543002,3.2029959223506705,0.23412938032709305,1,1.223328380672095,3.3984803664720444
financelive24.com,financelive24,.com,1,13,0,1,1,finance,0,5.119225911320386,0.48773014233573514,,0.5488277801003991,-1.4939450020903593,0.031955409870883945,1.7865762834815422,1.3304579389733284,3.7827752712140374,0.2556542987592659,1,1.3822823367293944,3.9839840521079775
bestfinanceai.io,bestfinanceai,.io,0,13,0,0,1,finance,0,2.4236819242594385,0.44129281510930385,,0.5488277801003991,-1.4939450020903593,0.024530966322998355,1.6690500703469449,0.9420892985800831,2.5653355751400873,0.20742168225814833,1,0.9036731605524801,2.468654241230012
easyfinanceai.com,easyfinanceai,.com,1,13,0,0,1,finance,0,4.453208006256657,0.057232562053142574,,0.5488277801003991,-1.4939450020903593,-0.19677199367709233,1.4837552770345708,1.3296314599695445,3.779650178466004,0.25554422184453474,1,1.1753423615386036,3.2392517492337616
expertfinancebot.ai,expertfinancebot,.ai,0,16,0,0,1,finance,0,5.086428838686422,0.20803373763896404,,0.5488277801003991,-1.4939450020903593,-0.24296185755987315,1.5917578529700036,0.9549922141477215,2.5986503501330076,0.20891045514675083,1,0.997415602872997,2.7112657787456316
topfinanceapp.com,topfinanceapp,.com,1,13,0,0,1,finance,0,6.656527032958177,0.13812851841373885,,0.5488277801003991,-1.4939450020903593,0.035429704742213124,1.649540714416082,1.2830071137916745,3.6074715085312827,0.24938499308838838,1,1.343096809054113,3.8308886855359097
bestfinance101.com,bestfinance101,.com,1,14,0,1,1,finance,0,4.037718534779874,0.5699445374382277,,0.5488277801003991,-1.4939450020903593,0.0018796325926010824,1.6938397751113925,0.7681777764114882,2.155834260345209,0.18811953148333965,1,0.7182677066628295,2.050877410415149
online-finance-bot101.net,online-finance-bot101,.net,0,21,1,1,3,finance,0,1.3047644101877645,0.6364459423466721,,0.5488277801003991,-1.4939450020903593,0.325890567936827,1.5439744318829085,0.21625898313091696,1.2414238452059392,0.1360351576480406,1,-0.0021504420507283406,0.9978518684932514
financechicago24.com,financechicago24,.com,1,16,0,1,1,finance,0,3.555645383299013,0.44269761827120685,,0.5488277801003991,-1.4939450020903593,-0.27352656214588017,1.6298756300734214,1.0049009115219085,2.7316365857031846,0.2147429538820888,1,0.8759318289998733,2.4011116773347125
financeworld360.com,financeworld360,.com,1,15,0,1,1,finance,0,5.185978059621464,0.46536730523985476,,0.5488277801003991,-1.4939450020903593,-0.22344434653433867,1.6120016925405531,0.895985077831096,2.4497477935045673,0.2021661561562516,1,0.728652925561946,2.0722872015160503
financeapp.org,financeapp,.org,0,10,0,0,1,finance,0,3.6785522442178933,0.31939410566621457,,0.5488277801003991,-1.4939450020903593,0.37138031985560216,1.7362228650225435,1.8510386053140993,6.3664282963143926,0.3308655357756185,1,1.9991673314772553,7.382906025345959
finance-prime.com,finance-prime,.com,1,13,1,0,2,finance,0,1.1001818245620518,0.30531955699543556,,0.5488277801003991,-1.4939450020903593,-0.14921438520389116,1.7856982661566196,1.631297736489395,5.110502502624734,0.29773822250458404,1,1.6693698032513935,5.308821140944031
directfinanceassist.com,directfinanceassist,.com,1,19,0,0,1,finance,0,2.1480355184645337,0.46608573903409983,,0.5488277801003991,-1.4939450020903593,0.5512320447576735,1.6883898549694838,2.23022971339549,9.302002628685894,0.39201759924061186,1,2.298016619423829,9.954419460318999
simplefinanceguide24.com,simplefinanceguide24,.com,1,20,0,1,1,finance,0,3.7138165171692448,0.2063668646083586,,0.5488277801003991,-1.4939450020903593,0.2655803268915191,1.5498843636039186,1.8925077546132587,6.635989264852346,0.33732348997327705,1,1.9109963280943354,6.759820443531464
financesolutions101.com,financesolutions101,.com,1,19,0,1,1,finance,0,2.3004144864635006,0.6276512197963967,,0.5488277801003991,-1.4939450020903593,0.5857343946011574,1.7030564080427126,1.5321266446989033,4.62800849408846,0.2834298805431591,1,1.4182438334212848,4.1298613435592655
modernfinancesite.com,modernfinancesite,.com,1,17,0,0,1,finance,0,1.9080085465375891,0.20414209069153694,,0.5488277801003991,-1.4939450020903593,-0.2567401070840718,1.5464516896060103,1.077987240443363,2.93875857990245,0.22349588639782425,1,1.0383580703001674,2.8245754505119636
simplefinancehub360.com,simplefinancehub360,.com,1,19,0,1,1,finance,0,1.8486877225233544,0.44537466105742385,,0.5488277801003991,-1.4939450020903593,0.22482795721756235,1.6837597310553094,1.8777732219110554,6.538927897014931,0.3350217797639574,1,1.9875628083859596,7.297726113912147
expertfinanceai.com,expertfinanceai,.com,1,15,0,0,1,finance,0,16.10982346297258,0.1715695207056736,,0.5488277801003991,-1.4939450020903593,-0.4821517330226333,1.5919064385891437,1.1727204364055992,3.2307697980399146,0.23521483172421837,1,1.24671706796606,3.478903187026243
financeelite.org,financeelite,.org,0,12,0,0,1,finance,0,4.463756787592393,0.2436896952754155,,0.5488277801003991,-1.4939450020903593,0.595047218639978,1.6720609811036402,1.9176133656137742,6.804698745986276,0.3412630629972075,1,1.8444895799465326,6.324870625554061
finance-simple.com,finance-simple,.com,1,14,1,0,2,finance,0,9.60688838607761,0.20900552324599958,,0.5488277801003991,-1.4939450020903593,-0.44967865597613094,1.5224389130391311,0.6239515657799278,1.8662882508815375,0.1731830924948584,1,0.7012747989798809,2.0163214743505136
smartfinanceai.com,smartfinanceai,.com,1,14,0,0,1,finance,0,5.950841688327167,0.2496310991358806,,0.5488277801003991,-1.4939450020903593,0.4416884905987275,1.525789173717369,1.6320554759227877,5.114376399412246,0.29784913951016084,1,1.5936761242991426,4.921808893919756
financemarket.com,financemarket,.com,1,13,0,0,1,finance,0,2.1462404734087506,0.025566707824725324,,0.5488277801003991,-1.4939450020903593,-0.04039326836992491,1.6831944055666452,1.5409479417698924,4.669014127393294,0.2846856635593476,1,1.4818739412943833,4.4011855213115085
easycryptocentral.com,easycryptocentral,.com,1,17,0,0,1,crypto,0,6.350086503008086,0.3679845202086919,,0.7356127867582534,-1.662051508082428,-0.21725681131089478,1.8148282987594275,0.9799270857655966,2.664261972225035,0.21180974810705178,1,0.9281414376454741,2.529803008981756
cryptoseattle.com,cryptoseattle,.com,1,13,0,0,1,crypto,0,4.373257031093196,0.4979568999317247,,0.7356127867582534,-1.662051508082428,0.10215800914071076,1.631298446768455,1.1997598412587835,3.319319663373926,0.23863673983259112,1,1.1081136384240031,3.028639892629356
freecrypto.com,freecrypto,.com,1,10,0,0,1,crypto,0,3.907693500298004,0.18324008365107955,,0.7356127867582534,-1.662051508082428,-0.0780744341267477,1.9213695817378524,1.4426523041266215,4.231905244763687,0.2708837569417769,1,1.4408298536910147,4.224199830707205
bestcrypto.com,bestcrypto,.com,1,10,0,0,1,crypto,0,2.558195848959209,0.39321685201741763,,0.7356127867582534,-1.662051508082428,0.0350897704658058,1.8236863416788514,1.1687907293154327,3.2180987321527668,0.23472035495263227,1,1.1044427166888648,3.0175423741427068
cryptoapp.com,cryptoapp,.com,1,9,0,0,1,crypto,0,2.7579750306916035,0.31748846405490055,,0.7356127867582534,-1.662051508082428,0.7368064833403463,1.772161499287127,2.4099252857443902,11.1331293105217,0.4223698824453661,1,2.37444637062293,10.745062756661527
topcrypto.com,topcrypto,.com,1,9,0,0,1,crypto,0,3.793466568730708,0.0,,0.7356127867582534,-1.662051508082428,-0.42343426897026915,1.6428459988737032,1.9891683395568744,7.3094522514856255,0.3526109364696905,1,2.0985811806489676,8.154591808233393
procrypto.io,procrypto,.io,0,9,0,0,1,crypto,0,2.491165883011252,0.6373705756634725,,0.7356127867582534,-1.662051508082428,0.2640664949197449,1.7537676483050815,0.6659561262325052,1.9463505888210941,0.17743389814957006,1,0.662763781305381,1.940147073541102
crypto-my360.com,crypto-my360,.com,1,12,1,1,2,crypto,0,1.9410627234218767,0.14475734552805375,,0.7356127867582534,-1.662051508082428,0.0007511987442896956,1.7564677277103677,1.760530197862438,5.815519953395538,0.3169922541958758,1,1.6778792986561524,5.35418928629544
cryptoapp360.com,cryptoapp360,.com,1,12,0,1,1,crypto,0,2.550173420852909,0.139309220031543,,0.7356127867582534,-1.662051508082428,0.35677014353703973,1.853647568026483,2.1777188541450694,8.826149542812493,0.3832924139705906,1,2.2380431969327264,9.374968360143253
smartcryptoservice.com,smartcryptoservice,.com,1,18,0,0,1,crypto,0,7.910466299010234,0.5974876232260085,,0.7356127867582534,-1.662051508082428,0.22849453701240502,1.7142894146298138,1.5529142883084663,4.725220791947515,0.2863945121519285,1,1.6107561206068801,5.006595386955341
directcryptopro.com,directcryptopro,.com,1,15,0,0,1,crypto,0,3.7356912157001174,0.5813506696642889,,0.7356127867582534,-1.662051508082428,0.2917730888812921,1.8056445438395983,0.9965328874284287,2.708873558548593,0.2137568437560438,1,0.8996239967124662,2.458678466146802
bostoncrypto101.com,bostoncrypto101,.com,1,15,0,1,1,crypto,0,6.166347736548466,0.6052783210361757,,0.7356127867582534,-1.662051508082428,0.05923589168663762,1.7747313097739483,0.5925449326776713,1.8085852913552212,0.17005767769290292,1,0.6725404801425536,1.9592083334489299
cryptoseattle101.com,cryptoseattle101,.com,1,16,0,1,1,crypto,0,2.434221346765363,0.3164806184415626,,0.7356127867582534,-1.662051508082428,0.8491674851390733,1.7717490524734498,2.0557421805086427,7.812634106198828,0.36332062740183796,1,2.019833607734666,7.537070719048085
expertcrypto.com,expertcrypto,.com,1,12,0,0,1,crypto,0,7.73386288455903,0.0,,0.7356127867582534,-1.662051508082428,0.16811726643371677,1.9300734880335715,2.3578878055783368,10.568604912282575,0.4135088804302336,1,2.362680640753095,10.619380074949648
topcryptoapp.io,topcryptoapp,.io,0,12,0,0,1,crypto,0,13.188416074275041,0.40307993312432416,,0.7356127867582534,-1.662051508082428,-0.09832431847272088,1.8883676725604233,1.2487148978503364,3.4858603911188744,0.24491861406622933,1,1.3148928824002364,3.724352020234428
crypto-chicago.com,crypto-chicago,.com,1,14,1,0,2,crypto,0,2.541357754331698,0.2620452065238972,,0.7356127867582534,-1.662051508082428,0.24763982282695907,1.8268302370783405,1.6886754076095862,5.4123068544920825,0.30620383174507254,1,1.5016917046300036,4.489277181099967
cryptoservice360.com,cryptoservice360,.com,1,16,0,1,1,crypto,0,8.565506683234421,0.4732023829631225,,0.7356127867582534,-1.662051508082428,0.30403634496871196,1.708626784740917,1.6037576567196878,4.97167923217771,0.2937231504388533,1,1.62025976918728,5.054403124234762
global-crypto-now.com,global-crypto-now,.com,1,17,1,0,3,crypto,0,2.4260974621073426,0.302148364165735,,0.7356127867582534,-1.662051508082428,-0.06094925099558539,1.8100636525255849,1.3763843044698605,3.960555544610513,0.2618198967312691,1,1.3315680890826422,3.7869770514667542
securecryptoguide.com,securecryptoguide,.com,1,17,0,0,1,crypto,0,5.993007896441345,0.0927426194444312,,0.7356127867582534,-1.662051508082428,0.375382249962045,1.7742802327151368,2.4853565273389426,12.005399745132294,0.4353021477407163,1,2.5446461283696036,12.738719416958288
lacrypto.com,lacrypto,.com,1,8,0,0,1,crypto,0,3.9491532401278135,0.5218105580341538,,0.7356127867582534,-1.662051508082428,-0.02292063830756516,1.7339025782162611,1.0870465277266306,2.965502596088761,0.2245983546487617,1,1.0832201400307975,2.9541771151019307
localcryptobot.io,localcryptobot,.io,0,14,0,0,1,crypto,0,2.264504586602381,0.4723178238502085,,0.7356127867582534,-1.662051508082428,0.2463583247384901,1.7824000515610898,0.3732736025831722,1.4524816882144305,0.14947705611082301,1,0.2767607758668419,1.318850832347096
cryptomiami.com,cryptomiami,.com,1,11,0,0,1,crypto,0,6.776155587655176,0.4717119680170466,,0.7356127867582534,-1.662051508082428,0.17342453419906328,1.580444227844256,2.053230616729314,7.793036797603344,0.3629140449521898,1,2.0020456055939646,7.40418666372858
moderncryptoapp.com,moderncryptoapp,.com,1,15,0,0,1,crypto,0,7.785807685104717,0.5646945423512509,,0.7356127867582534,-1.662051508082428,-0.20881117421792406,1.9028844526331696,0.9523866014213577,2.591888087454051,0.20860918015084606,1,0.9395905306558935,2.5589333989975205
austincrypto.com,austincrypto,.com,1,12,0,0,1,crypto,0,2.0149344344554483,0.0851940925333931,,0.7356127867582534,-1.662051508082428,-0.3757112606459433,1.8053450444702408,1.4544809334915343,4.282260110813471,0.27252221147598754,1,1.428226923344242,4.17129660255317
easycryptobot.com,easycryptobot,.com,1,13,0,0,1,crypto,0,4.4054804991291086,0.23087079530295515,,0.7356127867582534,-1.662051508082428,0.6927502419255122,1.7769633837704029,2.327810754996084,10.25546521295445,0.40841236394830993,1,2.374425711930613,10.744840780008994
crypto-prime.com,crypto-prime,.com,1,12,1,0,2,crypto,0,2.298661014289259,0.15935294068719497,,0.7356127867582534,-1.662051508082428,-0.15766210280930387,1.8224741744847452,1.670997529458347,5.317469484901751,0.30358127486568104,1,1.6231524635664407,5.0690451349633445
topcryptoai2.org,topcryptoai2,.org,0,12,0,1,1,crypto,0,4.057934393174854,0.296219200760899,,0.7356127867582534,-1.662051508082428,0.730231396142973,1.7262357111365625,1.7414954687769646,5.705869995895168,0.3141144920708254,1,1.6140964923253711,5.023347239722917
chicago-crypto.com,chicago-crypto,.com,1,14,1,0,2,crypto,0,3.2875620187874675,0.3084900940616683,,0.7356127867582534,-1.662051508082428,0.0613851435889814,1.6129629974257027,1.1283998744808814,3.0907070221095303,0.22967980347931802,1,0.9806861417566813,2.6662850639596862
bostoncrypto.com,bostoncrypto,.com,1,12,0,0,1,crypto,0,6.77362208686878,0.19741488691891915,,0.7356127867582534,-1.662051508082428,0.24579674964305243,1.7334392644344754,1.9247823922625527,6.853657094802718,0.3423920910080392,1,2.0195079169380628,7.534616364183634
cryptotop.ai,cryptotop,.ai,0,9,0,0,1,crypto,0,15.122133352252742,0.2438758917601462,,0.7356127867582534,-1.662051508082428,0.5146513060543882,1.983101135328343,3.131222446357392,22.901958853530694,0.5478173438340789,1,3.1382876103146113,23.06433788957939
primecryptosite.net,primecryptosite,.net,0,15,0,0,1,crypto,0,4.998485136236016,0.33209177345704294,,0.7356127867582534,-1.662051508082428,-0.5345616455962234,1.738010280935085,0.11471946238144037,1.1215587540117888,0.1278954281266503,1,0.3098413173556257,1.363208779394399
expert-crypto-ai.com,expert-crypto-ai,.com,1,16,1,0,3,crypto,0,4.713152059168978,0.26574666556349164,,0.7356127867582534,-1.662051508082428,0.7953877546648915,1.8412375090121316,2.5859626358435994,13.276062954753693,0.4526854535940039,1,2.5697482618379053,13.062535688273188
truecryptolive1.org,truecryptolive1,.org,0,15,0,1,1,crypto,0,5.4319017819736795,0.3662911918878143,,0.7356127867582534,-1.662051508082428,-0.16238178931954286,1.86541023695092,1.0997678711726446,3.0034687513417806,0.22615298741417603,1,1.2606175218292999,3.527599184409842
cryptola360.com,cryptola360,.com,1,11,0,1,1,crypto,0,3.377875270920504,0.1884040100846122,,0.7356127867582534,-1.662051508082428,-0.33409225878856724,1.7300328869987105,1.1983472235768196,3.314634043998918,0.23845712605811267,1,1.3332282302857021,3.7932691895786737
easycrypto.com,easycrypto,.com,1,10,0,0,1,crypto,0,3.723482703054796,0.12662015680532673,,0.7356127867582534,-1.662051508082428,-0.7220541340252853,1.7480179941752134,0.9930387254802123,2.6994248329399446,0.21334605948551588,1,1.0258594509986743,2.7894918621902094
primecrypto.com,primecrypto,.com,1,11,0,0,1,crypto,0,4.890480246998547,0.04743105762223771,,0.7356127867582534,-1.662051508082428,0.2381199022952138,1.8796319413423705,2.317400984590534,10.149261909730408,0.40665296026904085,1,2.328296653614974,10.260449540178293
fastcryptozone.com,fastcryptozone,.com,1,14,0,0,1,crypto,0,3.9251827688494516,0.13620657981988984,,0.7356127867582534,-1.662051508082428,0.20856411048212806,1.7121363814352497,1.91583314943856,6.792595687437899,0.34098298039823743,1,1.9144682944673228,6.783331103291354
expertcryptocentral.net,expertcryptocentral,.net,0,19,0,0,1,crypto,0,6.322906868203321,0.5308304477244709,,0.7356127867582534,-1.662051508082428,0.5244635634479644,1.7297614253075033,1.558333280667904,4.750896231991512,0.2871703857405641,1,1.5567989906545328,4.743612568403196
chicagocrypto.com,chicagocrypto,.com,1,13,0,0,1,crypto,0,6.800716520922855,0.4758035275207421,,0.7356127867582534,-1.662051508082428,-0.15556713661685953,1.7996135475756734,0.7268468238046919,2.0685478178300705,0.18374059894195466,1,0.6565546093543627,1.928137689500428
cryptocentral.com,cryptocentral,.com,1,13,0,0,1,crypto,0,3.191687722025814,0.3796345763971445,,0.7356127867582534,-1.662051508082428,0.2960479145641512,1.7945403716778348,1.832550618870372,6.249807222486001,0.3280066489599006,1,1.8700238475254742,6.488451130945354
moderncryptoexperts.com,moderncryptoexperts,.com,1,19,0,0,1,crypto,0,10.26452978337095,0.06695481520977774,,0.7356127867582534,-1.662051508082428,0.18608295857850823,1.8129101221760082,2.20791731824441,9.096751013100079,0.3883013900531263,1,2.2170679962552846,9.180374474735753
cryptoeasy.org,cryptoeasy,.org,0,10,0,0,1,crypto,0,1.7990528099760716,0.053559087155686975,,0.7356127867582534,-1.662051508082428,0.688639261168551,1.7816834161545207,2.2534866729154137,9.520874205683537,0.39590448768441766,1,2.219457755294172,9.20233959283341
cryptopro.com,cryptopro,.com,1,9,0,0,1,crypto,0,4.9043408797716905,0.04819342754819324,,0.7356127867582534,-1.662051508082428,0.18900846894623516,1.734597679678347,2.597499189701321,13.430109846650952,0.4546870258816333,1,2.6104761100807194,13.605527038596264
crypto-global.com,crypto-global,.com,1,13,1,0,2,crypto,0,2.1920894112796665,0.17095979138854203,,0.7356127867582534,-1.662051508082428,0.2856776553950172,1.9298068091296074,1.911630468349607,6.764108477256819,0.34032221030748205,1,1.846347108270515,6.3366301703490455
trustedcryptoai.com,trustedcryptoai,.com,1,15,0,0,1,crypto,0,2.8727172684481395,0.17740879321863062,,0.7356127867582534,-1.662051508082428,-0.08286619531313932,1.7652210157913486,1.0929476341160393,2.9830540780545434,0.22531856357403188,1,1.1855342177699233,3.272434547277361
localcryptoconnect24.io,localcryptoconnect24,.io,0,20,0,1,1,crypto,0,4.0781163701403775,0.5723601206371095,,0.7356127867582534,-1.662051508082428,-0.5969430568148619,1.7895794785570687,-0.06706147687268567,0.9351377102276527,0.11436163532903934,1,-0.0008001683295656842,0.999200151719742
cryptosecure.com,cryptosecure,.com,1,12,0,0,1,crypto,0,7.37054401361952,0.30277042116719943,,0.7356127867582534,-1.662051508082428,-0.31383327301668357,1.889224735127659,1.3706469954192437,3.937897673196173,0.2610444437784396,1,1.3003276343635548,3.6704990522581404
directtravel.com,directtravel,.com,1,12,0,0,1,travel,0,1.4071057549341173,0.5721485601971529,,0.22850069158419156,-1.2056506224257724,-0.49184866053921134,1.3683216839862076,0.4536572732232758,1.5740584330455782,0.15677265499613757,1,0.3976151139743932,1.4882711049083437
mytravelpro1.com,mytravelpro1,.com,1,12,0,1,1,travel,0,2.206414953834383,0.23527380592155067,,0.22850069158419156,-1.2056506224257724,-0.430060839513266,1.3671843303210198,0.693052872650247,1.9998113930743056,0.18021921632923607,1,0.4881127476856055,1.6292385324913279
travellocal.org,travellocal,.org,0,11,0,0,1,travel,0,2.244371692737121,0.2530437096462774,,0.22850069158419156,-1.2056506224257724,0.40670269649492363,1.4101080940149793,1.3873217891602032,4.0041118241012335,0.2633023159676267,1,1.3403128544873903,3.820238497184058
localtravel.com,localtravel,.com,1,11,0,0,1,travel,0,1.0685211198117486,0.30025790088960236,,0.22850069158419156,-1.2056506224257724,-0.028598742249552347,1.357412619875631,0.42420413911224997,1.5283735627627273,0.15406641154575665,1,0.5276594806084228,1.6949605743788618
travelchicago.io,travelchicago,.io,0,13,0,0,1,travel,0,2.531004370756206,0.4659448212319548,,0.22850069158419156,-1.2056506224257724,-0.34605806144693635,1.3939115549749834,0.16725155634527036,1.1820515804865421,0.13205338799264585,1,0.1114331150655597,1.1178789722432358
moderntraveltoday.com,moderntraveltoday,.com,1,17,0,0,1,travel,0,4.285659876620248,0.33136011011505573,,0.22850069158419156,-1.2056506224257724,0.2825413697174748,1.3501823918858638,1.651009104674042,5.212236866866658,0.30063126788885675,1,1.699551876430389,5.471494936424709
protravelexperts.net,protravelexperts,.net,0,16,0,0,1,travel,0,2.9078718648010344,0.21914011358572708,,0.22850069158419156,-1.2056506224257724,0.3298432532619472,1.511843412264463,1.0079559080995428,2.739994486302353,0.21510378532666707,1,0.9700408524176886,2.6380522279643346
modern-travel2.com,modern-travel2,.com,1,14,1,1,2,travel,0,1.8203485505847399,0.5250631299184175,,0.22850069158419156,-1.2056506224257724,-0.321869428453145,1.428904525510594,0.6524291563063704,1.9201996332898095,0.17605612324356876,1,0.6314960695679084,1.8804217176173041
sftravel.com,sftravel,.com,1,8,0,0,1,travel,0,4.876880222508352,0.2029086117161122,,0.22850069158419156,-1.2056506224257724,0.3666239202065967,1.4588898578515388,2.182361025782189,8.867217291905158,0.38406082413446124,1,2.1550491335315005,8.628314108097126
moderntravelhub101.com,moderntravelhub101,.com,1,18,0,1,1,travel,0,4.681177443669773,0.17728669363879931,,0.22850069158419156,-1.2056506224257724,-0.28740589786836773,1.247859932031389,0.8884562814719092,2.4313733965748257,0.2013174402378428,1,0.8847727827221725,2.4224339101097065
easytravel.com,easytravel,.com,1,10,0,0,1,travel,0,3.441055383811299,0.2825387186330612,,0.22850069158419156,-1.2056506224257724,-0.13292798473218453,1.3455443264946274,1.046651059600184,2.8480970217642594,0.21971221021621987,1,1.1120028925047087,3.040441978469191
fast-travel-help.net,fast-travel-help,.net,0,16,1,0,3,travel,0,2.2520432908355152,0.6358233862076784,,0.22850069158419156,-1.2056506224257724,-0.16329423908942195,1.5192980979093849,0.8105940940080161,2.2492438521174636,0.1926963654877977,1,0.6400495512678438,1.8965748546652423
truetravelbot.com,truetravelbot,.com,1,13,0,0,1,travel,0,4.543516595927527,0.24300905208263873,,0.22850069158419156,-1.2056506224257724,-0.01981423054255985,1.46702206843628,1.2927312746704436,3.6427222560423536,0.25066136593456567,1,1.529708383824087,4.61683028358095
experttravelhub.com,experttravelhub,.com,1,15,0,0,1,travel,0,2.353209162504868,0.3081042561195072,,0.22850069158419156,-1.2056506224257724,0.00930018719150723,1.4232094022339992,1.263713153539418,3.538536252138426,0.24686538552404239,1,1.2372852138153,3.446244935599534
travelapp24.com,travelapp24,.com,1,11,0,1,1,travel,0,12.00546802997742,0.4957645864156871,,0.22850069158419156,-1.2056506224257724,-0.1893338662179065,1.3474222391971542,0.8823180785372355,2.4164948437605274,0.2006274591033157,1,0.9635218340139136,2.6209106507749813
moderntravelhub1.com,moderntravelhub1,.com,1,16,0,1,1,travel,0,4.895505620084494,0.16251528868093218,,0.22850069158419156,-1.2056506224257724,-0.04329261632912399,1.3473350890765254,1.0341910635147111,2.8128299143039186,0.21822057786972174,1,1.0934634341588012,2.9845931343640975
quicktravelmarket.org,quicktravelmarket,.org,0,17,0,0,1,travel,0,2.484541468042723,0.8403680043236558,,0.22850069158419156,-1.2056506224257724,-0.13045978541004125,1.2836953518174108,0.23111063756193262,1.2599986349149075,0.13726164365946295,1,0.30988941242202905,1.3632743445878341
elitetravelnow.com,elitetravelnow,.com,1,14,0,0,1,travel,0,6.223042789371968,0.20614748449665046,,0.22850069158419156,-1.2056506224257724,0.195126337361843,1.3588311573544924,1.913589822913435,6.777374756500168,0.34063019439862086,1,1.8541309135711874,6.386145725575791
travelapp.com,travelapp,.com,1,9,0,0,1,travel,0,9.118967772810539,0.0,,0.22850069158419156,-1.2056506224257724,-0.030939970877925774,1.5176184341857324,1.9337787304177108,6.915593092489355,0.34381142429857664,1,2.0084981082700137,7.452116665927797
travelsmart.com,travelsmart,.com,1,11,0,0,1,travel,0,4.465664876572854,0.0,,0.22850069158419156,-1.2056506224257724,-0.42675023503912196,1.3781495697074149,1.1407768456735914,3.1291983253928053,0.23121626649073948,1,1.0708485606445775,2.917854426198673
securetravelhub.org,securetravelhub,.org,0,15,0,0,1,travel,0,6.710258075401142,0.44254629211908353,,0.22850069158419156,-1.2056506224257724,-0.04694388266580488,1.4848105056402447,0.6143812142439793,1.8485124124408447,0.17222592193456457,1,0.4691515510682397,1.5986372555808475
travelsolutions.com,travelsolutions,.com,1,15,0,0,1,travel,0,2.6581526811204523,0.5158344141939106,,0.22850069158419156,-1.2056506224257724,0.08346279911332809,1.4039228733790328,1.457594750319107,4.29561506605811,0.27295455400634894,1,1.3512201417276966,3.862135009079737
traveltoday.net,traveltoday,.net,0,11,0,0,1,travel,0,3.4767332603915087,0.2634122593359965,,0.22850069158419156,-1.2056506224257724,0.3998832463073456,1.3538819768211514,1.372107185613763,3.943651952914587,0.2612416616601072,1,1.5625865047609102,4.771145890951264
trusted-travel.ai,trusted-travel,.ai,0,14,1,0,2,travel,0,4.297463600500082,0.5769437037990505,,0.22850069158419156,-1.2056506224257724,0.6750953874076148,1.4506644076117428,0.960864162501467,2.6139543790388333,0.20959057493752706,1,0.9133345474178749,2.4926204518861854
quicktravel101.com,quicktravel101,.com,1,14,0,1,1,travel,0,5.137557264742798,0.3679910961635121,,0.22850069158419156,-1.2056506224257724,0.22305200925489632,1.4985310660514917,1.3666678935845864,3.9222595108937934,0.26050750270757944,1,1.349593408368727,3.85585745256326
travelpro1.com,travelpro1,.com,1,10,0,1,1,travel,0,5.153025646458561,0.30470604626330805,,0.22850069158419156,-1.2056506224257724,-0.5339662749043873,1.400238242870446,0.4269048481806781,1.5325068339728651,0.15431296101126574,1,0.35390164678703223,1.4246150641204607
travelsf.org,travelsf,.org,0,8,0,0,1,travel,0,3.163155331188605,0.2619555510110031,,0.22850069158419156,-1.2056506224257724,-0.003394531763912912,1.3126045067737948,0.9389037696387685,2.557176626604115,0.20705533536869367,1,0.8649389833824351,2.374861175560066
travelaustin.com,travelaustin,.com,1,12,0,0,1,travel,0,1.0010801722470122,0.2944028498789956,,0.22850069158419156,-1.2056506224257724,-0.1258245718258963,1.2702366707874377,1.2702787975446146,3.5618454577086016,0.24772087163559284,1,1.3049097171158506,3.6873561735265135
travelboston2.com,travelboston2,.com,1,13,0,1,1,travel,0,0.5840590274176926,0.15018177278987327,,0.22850069158419156,-1.2056506224257724,0.43760041952943163,1.4699284734951488,1.7221313266930884,5.596443611885921,0.3112015196674967,1,1.6277305997053002,5.092305116740689
onlinetravel.com,onlinetravel,.com,1,12,0,0,1,travel,0,10.469003171927973,0.04936595789671584,,0.22850069158419156,-1.2056506224257724,-0.6071241174360336,1.3641771932365174,1.2810774009618344,3.6005168368956744,0.24913221977565436,1,1.3449555617974542,3.838015982278726
protravel2.com,protravel2,.com,1,10,0,1,1,travel,0,5.59593610305446,0.236771067536822,,0.22850069158419156,-1.2056506224257724,0.5143882090213009,1.3703861026871667,1.449879602353025,4.262601277109353,0.2718841174052837,1,1.462888029957028,4.31841324315146
travelfree.net,travelfree,.net,0,10,0,0,1,travel,0,3.633699746294298,0.0814490058553953,,0.22850069158419156,-1.2056506224257724,-0.206286708197655,1.4485951382091626,1.226645040652783,3.4097706830195325,0.24207286603339648,1,1.367365410093814,3.924996306025049
moderntravelnetwork.com,moderntravelnetwork,.com,1,19,0,0,1,travel,0,6.23633479743371,0.45289522756792855,,0.22850069158419156,-1.2056506224257724,-0.42467952458677016,1.5005715795205627,0.7150647946513513,2.0443191389131257,0.18250687584448808,1,0.757401598164234,2.132727331883317
secure-travel-market.com,secure-travel-market,.com,1,20,1,0,3,travel,0,6.768085013600575,0.2946524694849422,,0.22850069158419156,-1.2056506224257724,-0.09009301251473638,1.447760199295684,2.7912362041548273,16.301158911573104,0.4884683809856972,1,2.6044624082895704,13.52395298313745
mytravelteam.com,mytravelteam,.com,1,12,0,0,1,travel,0,1.6689467923088182,0.06515630050273064,,0.22850069158419156,-1.2056506224257724,0.04364741606066274,1.416583883768425,1.0319484484610553,2.8065288876241943,0.21795288268802254,1,1.0282523307723381,2.796174773358735
travelsite.com,travelsite,.com,1,10,0,0,1,travel,0,4.026165077647861,0.4143614308754275,,0.22850069158419156,-1.2056506224257724,-0.011209649205525685,1.298184272715173,1.1643082432299,3.203705931228115,0.23415720221149877,1,1.147968298263555,3.151782917472219
freetravelsite101.com,freetravelsite101,.com,1,17,0,1,1,travel,0,4.276574986957247,0.36941310545801237,,0.22850069158419156,-1.2056506224257724,0.31159118601352026,1.4265260862963338,1.1862795284828913,3.2748744369279366,0.2369265109206866,1,1.1034882469877618,3.0146635954468644
travelteam1.ai,travelteam1,.ai,0,11,0,1,1,travel,0,2.8676876805877747,0.6143024459929204,,0.22850069158419156,-1.2056506224257724,-0.08165099661123768,1.4203984364939042,0.45859920101104246,1.5818565691973623,0.15723050683176257,1,0.43002301771018714,1.5372929081036757
instanttravelai.com,instanttravelai,.com,1,15,0,0,1,travel,0,5.920685884026208,0.13725749704121162,,0.22850069158419156,-1.2056506224257724,0.14746192798135263,1.490490133419217,1.365729808247369,3.918581822020564,0.2603810214759524,1,1.4210245409175484,4.141361261499743
instanttravel.com,instanttravel,.com,1,13,0,0,1,travel,0,6.778001492311913,0.2116901080781409,,0.22850069158419156,-1.2056506224257724,0.2827207009521242,1.3194073203207155,1.9636724798660943,7.125447134223102,0.34854765935365845,1,1.844333335262785,6.323882475342046
travelassist.com,travelassist,.com,1,12,0,0,1,travel,0,3.579939397092687,0.24422150254905423,,0.22850069158419156,-1.2056506224257724,-0.23587248218206444,1.5313987300110117,0.6003745873492162,1.822801470893789,0.17083262072017774,1,0.659959471284957,1.9347139213438442
